BranchID,ServiceID
B006,SRV0104
B001,SRV0129
B004,SRV0137
B009,SRV0066
B006,SRV0038
B005,SRV0096
B008,SRV0199
B008,SRV0098
B007,SRV0199
B010,SRV0108
B009,SRV0060
B003,SRV0160
B003,SRV0185
B003,SRV0133
B005,SRV0005
B005,SRV0021
B003,SRV0168
B002,SRV0051
B002,SRV0018
B008,SRV0015
B009,SRV0065
B010,SRV0167
B008,SRV0146
B008,SRV0161
B006,SRV0194
B008,SRV0078
B004,SRV0040
B002,SRV0059
B010,SRV0026
B005,SRV0167
B007,SRV0044
B006,SRV0009
B008,SRV0101
B001,SRV0021
B009,SRV0048
B006,SRV0050
B009,SRV0051
B007,SRV0080
B005,SRV0139
B002,SRV0181
B009,SRV0001
B002,SRV0161
B001,SRV0089
B008,SRV0023
B005,SRV0099
B006,SRV0096
B005,SRV0031
B010,SRV0180
B004,SRV0141
B002,SRV0106
B004,SRV0197
B001,SRV0175
B006,SRV0069
B001,SRV0016
B004,SRV0174
B003,SRV0052
B008,SRV0106
B004,SRV0129
B006,SRV0031
B002,SRV0010
B002,SRV0116
B006,SRV0010
B007,SRV0131
B005,SRV0153
B007,SRV0103
B006,SRV0068
B007,SRV0183
B007,SRV0035
B005,SRV0036
B003,SRV0049
B004,SRV0041
B005,SRV0194
B003,SRV0080
B004,SRV0192
B001,SRV0194
B006,SRV0101
B009,SRV0170
B001,SRV0142
B002,SRV0122
B010,SRV0193
B003,SRV0034
B007,SRV0008
B006,SRV0072
B003,SRV0067
B003,SRV0173
B010,SRV0099
B001,SRV0173
B009,SRV0135
B004,SRV0051
B010,SRV0116
B009,SRV0188
B007,SRV0112
B009,SRV0123
B003,SRV0025
B005,SRV0001
B009,SRV0036
B010,SRV0096
B005,SRV0066
B010,SRV0035
B003,SRV0057
B009,SRV0146
B003,SRV0058
B003,SRV0081
B010,SRV0053
B005,SRV0140
B003,SRV0017
B008,SRV0087
B010,SRV0125
B006,SRV0093
B005,SRV0051
B005,SRV0107
B001,SRV0172
B006,SRV0156
B010,SRV0175
B002,SRV0003
B005,SRV0083
B010,SRV0085
B007,SRV0187
B001,SRV0174
B002,SRV0066
B010,SRV0153
B002,SRV0088
B007,SRV0113
B010,SRV0152
B002,SRV0112
B007,SRV0020
B005,SRV0143
B003,SRV0032
B006,SRV0182
B002,SRV0071
B008,SRV0040
B007,SRV0005
B010,SRV0148
B004,SRV0035
B005,SRV0183
B006,SRV0111
B010,SRV0034
B003,SRV0030
B003,SRV0144
B008,SRV0042
B001,SRV0061
B005,SRV0133
B001,SRV0063
B009,SRV0008
B006,SRV0066
B001,SRV0013
B003,SRV0060
B004,SRV0150
B006,SRV0019
B004,SRV0097
B008,SRV0110
B003,SRV0123
B004,SRV0143
B010,SRV0061
B009,SRV0079
B010,SRV0122
B007,SRV0188
B004,SRV0198
B006,SRV0024
B010,SRV0019
B007,SRV0068
B003,SRV0008
B009,SRV0018
B007,SRV0097
B007,SRV0173
B010,SRV0100
B008,SRV0025
B008,SRV0182
B003,SRV0100
B006,SRV0191
B002,SRV0104
B006,SRV0122
B005,SRV0052
B009,SRV0139
B004,SRV0036
B003,SRV0005
B009,SRV0077
B005,SRV0090
B007,SRV0024
B005,SRV0015
B008,SRV0114
B002,SRV0037
B005,SRV0195
B009,SRV0122
B001,SRV0171
B008,SRV0184
B002,SRV0093
B003,SRV0111
B002,SRV0087
B003,SRV0044
B002,SRV0075
B003,SRV0169
B008,SRV0041
B007,SRV0072
B006,SRV0186
B004,SRV0046
B002,SRV0175
B009,SRV0142
B003,SRV0175
B006,SRV0051
B002,SRV0038
B007,SRV0147
B008,SRV0177
B008,SRV0147
B007,SRV0191
B002,SRV0005
B009,SRV0037
B003,SRV0037
B003,SRV0018
B009,SRV0046
B007,SRV0115
B002,SRV0158
B001,SRV0007
B005,SRV0159
B003,SRV0131
B007,SRV0038
B009,SRV0186
B010,SRV0055
B010,SRV0113
B004,SRV0196
B003,SRV0010
B006,SRV0017
B001,SRV0067
B006,SRV0030
B004,SRV0012
B004,SRV0080
B003,SRV0196
B008,SRV0200
B010,SRV0064
B010,SRV0006
B008,SRV0185
B001,SRV0062
B008,SRV0074
B009,SRV0080
B008,SRV0010
B007,SRV0004
B002,SRV0033
B002,SRV0111
B004,SRV0024
B004,SRV0103
B006,SRV0056
B005,SRV0174
B005,SRV0067
B001,SRV0059
B004,SRV0010
B006,SRV0168
B002,SRV0164
B009,SRV0184
B008,SRV0117
B003,SRV0083
B005,SRV0081
B008,SRV0188
B009,SRV0095
B009,SRV0132
B002,SRV0098
B010,SRV0043
B005,SRV0065
B007,SRV0091
B003,SRV0105
B007,SRV0186
B004,SRV0038
B004,SRV0113
B009,SRV0130
B006,SRV0082
B007,SRV0163
B001,SRV0035
B002,SRV0185
B004,SRV0084
B001,SRV0038
B010,SRV0161
B007,SRV0125
B001,SRV0027
B010,SRV0005
B002,SRV0115
B010,SRV0121
B004,SRV0199
B009,SRV0005
B008,SRV0027
B009,SRV0097
B010,SRV0186
B009,SRV0116
B001,SRV0104
B008,SRV0068
B010,SRV0086
B007,SRV0093
B001,SRV0122
B008,SRV0049
B005,SRV0060
B008,SRV0005
B010,SRV0037
B002,SRV0195
B005,SRV0165
B005,SRV0030
B003,SRV0101
B007,SRV0111
B010,SRV0112
B005,SRV0193
B003,SRV0047
B009,SRV0107
B001,SRV0195
B004,SRV0154
B002,SRV0055
B004,SRV0028
B001,SRV0162
B001,SRV0126
B007,SRV0146
B010,SRV0194
B006,SRV0152
B005,SRV0086
B008,SRV0111
B001,SRV0139
B002,SRV0023
B002,SRV0074
B009,SRV0182
B003,SRV0097
B009,SRV0198
B005,SRV0172
B007,SRV0061
B003,SRV0046
B009,SRV0092
B010,SRV0124
B002,SRV0146
B001,SRV0130
B004,SRV0060
B006,SRV0150
B007,SRV0160
B010,SRV0162
B007,SRV0050
B003,SRV0107
B009,SRV0183
B001,SRV0060
B005,SRV0175
B005,SRV0018
B002,SRV0012
B006,SRV0114
B003,SRV0014
B007,SRV0074
B008,SRV0130
B002,SRV0130
B005,SRV0192
B009,SRV0151
B006,SRV0137
B007,SRV0034
B002,SRV0042
B004,SRV0188
B009,SRV0110
B003,SRV0110
B005,SRV0022
B002,SRV0198
B005,SRV0137
B001,SRV0078
B003,SRV0051
B006,SRV0120
B004,SRV0099
B005,SRV0182
B001,SRV0028
B008,SRV0084
B007,SRV0162
B006,SRV0155
B010,SRV0097
B004,SRV0178
B002,SRV0009
B007,SRV0039
B001,SRV0024
B001,SRV0076
B003,SRV0041
B002,SRV0084
B008,SRV0160
B002,SRV0020
B001,SRV0154
B001,SRV0148
B001,SRV0188
B004,SRV0032
B003,SRV0119
B002,SRV0107
B010,SRV0077
B009,SRV0125
B010,SRV0078
B002,SRV0113
B006,SRV0153
B001,SRV0156
B006,SRV0008
B005,SRV0080
B001,SRV0132
B007,SRV0171
B008,SRV0119
B008,SRV0060
B008,SRV0145
B001,SRV0185
B006,SRV0012
B004,SRV0004
B010,SRV0179
B004,SRV0092
B002,SRV0141
B008,SRV0008
B007,SRV0058
B005,SRV0064
B010,SRV0106
B002,SRV0029
B001,SRV0193
B008,SRV0134
B001,SRV0155
B008,SRV0162
B005,SRV0032
B010,SRV0041
B010,SRV0196
B007,SRV0013
B006,SRV0043
B004,SRV0126
B008,SRV0018
B009,SRV0027
B001,SRV0113
B001,SRV0131
B008,SRV0163
B007,SRV0142
B001,SRV0108
B007,SRV0095
B008,SRV0016
B006,SRV0039
B005,SRV0057
B001,SRV0153
B003,SRV0055
B008,SRV0108
B003,SRV0020
B010,SRV0054
B003,SRV0042
B004,SRV0027
B008,SRV0046
B003,SRV0071
B007,SRV0189
B009,SRV0159
B010,SRV0094
B003,SRV0077
B009,SRV0093
B006,SRV0197
B009,SRV0057
B002,SRV0054
B006,SRV0033
B006,SRV0110
B001,SRV0187
B004,SRV0085
B009,SRV0138
B008,SRV0051
B008,SRV0011
B004,SRV0167
B008,SRV0121
B001,SRV0048
B003,SRV0143
B001,SRV0077
B002,SRV0031
B003,SRV0172
B001,SRV0015
B003,SRV0154
B004,SRV0152
B006,SRV0165
B010,SRV0133
B004,SRV0168
B010,SRV0044
B001,SRV0125
B006,SRV0140
B002,SRV0048
B002,SRV0011
B005,SRV0171
B001,SRV0082
B001,SRV0057
B009,SRV0098
B007,SRV0132
B006,SRV0200
B006,SRV0149
B002,SRV0067
B004,SRV0075
B003,SRV0113
B005,SRV0007
B008,SRV0167
B007,SRV0059
B005,SRV0077
B009,SRV0009
B004,SRV0098
B006,SRV0138
B007,SRV0172
B001,SRV0189
B003,SRV0068
B010,SRV0111
B008,SRV0058
B008,SRV0196
B008,SRV0195
B007,SRV0145
B001,SRV0051
B004,SRV0180
B008,SRV0198
B005,SRV0135
B008,SRV0140
B003,SRV0186
B001,SRV0103
B001,SRV0100
B007,SRV0012
B006,SRV0185
B005,SRV0155
B003,SRV0193
B004,SRV0083
B002,SRV0062
B001,SRV0136
B010,SRV0049
B004,SRV0170
B009,SRV0040
B009,SRV0088
B010,SRV0025
B002,SRV0109
B005,SRV0028
B001,SRV0191
B006,SRV0053
B006,SRV0049
B002,SRV0119
B005,SRV0014
B007,SRV0082
B005,SRV0162
B003,SRV0176
B007,SRV0155
B002,SRV0045
B001,SRV0127
B003,SRV0137
B009,SRV0017
B003,SRV0064
B006,SRV0058
B005,SRV0178
B009,SRV0004
B010,SRV0140
B003,SRV0190
B006,SRV0035
B007,SRV0100
B002,SRV0068
B008,SRV0066
B001,SRV0184
B007,SRV0027
B008,SRV0007
B004,SRV0104
B001,SRV0041
B003,SRV0200
B003,SRV0161
B004,SRV0108
B003,SRV0148
B008,SRV0164
B010,SRV0013
B002,SRV0002
B010,SRV0114
B006,SRV0135
B005,SRV0009
B005,SRV0170
B004,SRV0078
B010,SRV0018
B006,SRV0117
B007,SRV0053
B009,SRV0014
B007,SRV0007
B005,SRV0043
B007,SRV0060
B003,SRV0159
B006,SRV0192
B002,SRV0180
B010,SRV0144
B003,SRV0065
B004,SRV0082
B007,SRV0143
B002,SRV0126
B003,SRV0155
B003,SRV0197
B003,SRV0072
B001,SRV0043
B008,SRV0097
B003,SRV0095
B007,SRV0190
B006,SRV0092
B003,SRV0116
B001,SRV0005
B009,SRV0012
B006,SRV0040
B010,SRV0184
B001,SRV0107
B001,SRV0192
B004,SRV0184
B002,SRV0134
B004,SRV0008
B009,SRV0120
B002,SRV0032
B009,SRV0187
B001,SRV0124
B006,SRV0157
B007,SRV0101
B007,SRV0127
B004,SRV0064
B006,SRV0179
B005,SRV0044
B007,SRV0198
B008,SRV0086
B009,SRV0121
B003,SRV0027
B006,SRV0158
B008,SRV0061
B006,SRV0124
B003,SRV0001
B002,SRV0026
B008,SRV0003
B010,SRV0119
B006,SRV0178
B005,SRV0093
B010,SRV0117
B004,SRV0149
B003,SRV0140
B002,SRV0021
B003,SRV0002
B005,SRV0040
B009,SRV0058
B006,SRV0075
B004,SRV0090
B001,SRV0117
B003,SRV0040
B008,SRV0052
B003,SRV0053
B003,SRV0091
B009,SRV0073
B010,SRV0016
B010,SRV0170
B003,SRV0094
B005,SRV0142
B007,SRV0144
B003,SRV0059
B002,SRV0008
B001,SRV0085
B008,SRV0176
B005,SRV0197
B001,SRV0068
B009,SRV0153
B010,SRV0127
B005,SRV0158
B003,SRV0135
B009,SRV0063
B003,SRV0164
B010,SRV0110
B008,SRV0169
B005,SRV0008
B010,SRV0040
B001,SRV0018
B010,SRV0021
B002,SRV0142
B004,SRV0086
B010,SRV0199
B009,SRV0161
B010,SRV0176
B007,SRV0167
B006,SRV0107
B003,SRV0114
B001,SRV0033
B002,SRV0160
B001,SRV0006
B001,SRV0114
B008,SRV0113
B006,SRV0088
B004,SRV0164
B010,SRV0007
B010,SRV0075
B008,SRV0099
B009,SRV0010
B002,SRV0103
B004,SRV0070
B001,SRV0158
B002,SRV0199
B010,SRV0089
B001,SRV0058
B007,SRV0166
B007,SRV0048
B010,SRV0130
B005,SRV0148
B010,SRV0030
B009,SRV0006
B004,SRV0081
B008,SRV0103
B006,SRV0183
B007,SRV0164
B001,SRV0083
B002,SRV0085
B004,SRV0091
B009,SRV0131
B010,SRV0158
B005,SRV0114
B002,SRV0102
B007,SRV0184
B004,SRV0161
B003,SRV0087
B001,SRV0179
B006,SRV0103
B001,SRV0003
B001,SRV0140
B004,SRV0182
B002,SRV0132
B009,SRV0041
B008,SRV0026
B007,SRV0016
B004,SRV0147
B001,SRV0167
B007,SRV0152
B007,SRV0106
B002,SRV0057
B010,SRV0087
B005,SRV0092
B009,SRV0015
B003,SRV0009
B007,SRV0135
B004,SRV0050
B004,SRV0066
B001,SRV0029
B004,SRV0155
B007,SRV0123
B003,SRV0187
B002,SRV0120
B010,SRV0143
B007,SRV0136
B002,SRV0170
B008,SRV0149
B006,SRV0189
B001,SRV0118
B002,SRV0145
B003,SRV0166
B002,SRV0117
B002,SRV0100
B009,SRV0044
B010,SRV0160
B006,SRV0025
B005,SRV0131
B009,SRV0156
B004,SRV0005
B010,SRV0146
B009,SRV0105
B007,SRV0168
B002,SRV0049
B008,SRV0165
B009,SRV0075
B002,SRV0157
B010,SRV0033
B004,SRV0026
B008,SRV0094
B007,SRV0107
B004,SRV0025
B006,SRV0139
B008,SRV0131
B004,SRV0172
B004,SRV0093
B007,SRV0114
B003,SRV0118
B010,SRV0195
B006,SRV0045
B007,SRV0150
B008,SRV0093
B005,SRV0108
B003,SRV0151
B003,SRV0122
B004,SRV0058
B005,SRV0038
B009,SRV0003
B003,SRV0093
B002,SRV0089
B003,SRV0124
B004,SRV0166
B010,SRV0074
B001,SRV0176
B005,SRV0049
B003,SRV0103
B007,SRV0071
B008,SRV0028
B006,SRV0198
B006,SRV0163
B009,SRV0162
B006,SRV0171
B005,SRV0089
B006,SRV0091
B006,SRV0196
B003,SRV0089
B007,SRV0079
B001,SRV0144
B009,SRV0185
B006,SRV0032
B010,SRV0002
B008,SRV0031
B002,SRV0128
B005,SRV0187
B007,SRV0126
B003,SRV0102
B010,SRV0182
B010,SRV0068
B001,SRV0001
B004,SRV0177
B003,SRV0198
B001,SRV0054
B004,SRV0073
B006,SRV0041
B010,SRV0178
B007,SRV0157
B004,SRV0179
B002,SRV0101
B009,SRV0054
B005,SRV0102
B003,SRV0082
B001,SRV0181
B009,SRV0152
B001,SRV0053
B008,SRV0037
B006,SRV0199
B010,SRV0017
B008,SRV0071
B010,SRV0109
B007,SRV0001
B005,SRV0179
B004,SRV0042
B007,SRV0078
B002,SRV0110
B004,SRV0140
B007,SRV0158
B010,SRV0177
B004,SRV0007
B009,SRV0141
B005,SRV0016
B005,SRV0154
B010,SRV0139
B001,SRV0137
B010,SRV0190
B009,SRV0049
B001,SRV0055
B006,SRV0079
B003,SRV0147
B001,SRV0045
B008,SRV0132
B007,SRV0181
B002,SRV0166
B009,SRV0171
B001,SRV0075
B007,SRV0134
B002,SRV0171
B010,SRV0090
B003,SRV0039
B001,SRV0025
B004,SRV0114
B007,SRV0002
B006,SRV0073
B004,SRV0016
B010,SRV0014
B006,SRV0004
B007,SRV0195
B007,SRV0138
B005,SRV0186
B008,SRV0048
B010,SRV0137
B001,SRV0023
B008,SRV0187
B004,SRV0033
B006,SRV0160
B005,SRV0035
B004,SRV0119
B009,SRV0099
B007,SRV0092
B005,SRV0163
B007,SRV0026
B006,SRV0064
B010,SRV0198
B005,SRV0069
B009,SRV0124
B007,SRV0064
B002,SRV0040
B007,SRV0120
B003,SRV0085
B010,SRV0171
B006,SRV0172
B001,SRV0101
B004,SRV0109
B010,SRV0183
B001,SRV0034
B010,SRV0123
B001,SRV0046
B008,SRV0021
B008,SRV0006
B006,SRV0048
B010,SRV0092
B003,SRV0121
B005,SRV0039
B008,SRV0159
B005,SRV0109
B002,SRV0081
B009,SRV0174
B010,SRV0155
B004,SRV0181
B005,SRV0190
B002,SRV0140
B004,SRV0088
B003,SRV0033
B001,SRV0014
B010,SRV0141
B010,SRV0029
B008,SRV0141
B008,SRV0065
B005,SRV0196
B006,SRV0190
B005,SRV0121
B010,SRV0107
B007,SRV0151
B003,SRV0145
B004,SRV0079
B010,SRV0101
B009,SRV0068
B004,SRV0065
B007,SRV0175
B001,SRV0161
B007,SRV0065
B005,SRV0020
B006,SRV0013
B003,SRV0112
B002,SRV0041
B004,SRV0037
B010,SRV0028
B008,SRV0056
B007,SRV0179
B001,SRV0080
B009,SRV0028
B010,SRV0042
B009,SRV0109
B007,SRV0194
B008,SRV0156
B005,SRV0119
B008,SRV0064
B003,SRV0126
B009,SRV0111
B006,SRV0071
B009,SRV0102
B007,SRV0196
B005,SRV0189
B001,SRV0069
B002,SRV0007
B005,SRV0115
B006,SRV0044
B005,SRV0023
B002,SRV0016
B005,SRV0076
B005,SRV0024
B008,SRV0045
B006,SRV0074
B008,SRV0050
B009,SRV0108
B008,SRV0129
B008,SRV0197
B003,SRV0076
B010,SRV0164
B006,SRV0057
B009,SRV0194
B001,SRV0151
B004,SRV0118
B002,SRV0079
B006,SRV0142
B003,SRV0004
B006,SRV0116
B007,SRV0073
B002,SRV0167
B004,SRV0047
B009,SRV0193
B007,SRV0090
B009,SRV0042
B008,SRV0082
B008,SRV0155
B004,SRV0160
B009,SRV0101
B005,SRV0113
B004,SRV0003
B006,SRV0001
B010,SRV0150
B006,SRV0027
B003,SRV0167
B008,SRV0139
B009,SRV0173
B001,SRV0146
B006,SRV0084
B010,SRV0038
B001,SRV0105
B002,SRV0056
B003,SRV0179
B009,SRV0089
B008,SRV0174
B009,SRV0172
B006,SRV0130
B002,SRV0124
B008,SRV0192
B005,SRV0191
B002,SRV0155
B006,SRV0046
B006,SRV0007
B003,SRV0128
B006,SRV0016
B005,SRV0146
B009,SRV0090
B002,SRV0151
B010,SRV0105
B010,SRV0052
B010,SRV0022
B001,SRV0102
B006,SRV0077
