EmployeeID,FullName,Birthday,Gender,PhoneNumber,StartDate,BaseSalary,MID,Role,Username
E0001,Lý Tuyết Thủy,1987-12-26,Nữ,0568388516,2018-09-05,10026006,E0327,Doctor,DT0001
E0002,Hà Ngọc Toàn,1994-07-27,Nam,0896641605,2015-03-18,21426792,E0372,Doctor,DT0002
E0003,Ngô Công Kiên,2002-09-23,Nam,0896816453,2020-02-28,18141761,E0372,Doctor,DT0003
E0004,Đào Yến Hoa,1982-07-17,Nữ,0752312432,2015-11-09,23128976,E0372,Doctor,DT0004
E0005,Tôn Phúc Hậu,1978-05-19,Nam,0899552717,2016-12-26,22579816,E0325,Doctor,DT0005
E0006,Trần Ánh Hằng,2003-04-28,Nữ,0347700541,2018-05-25,15216518,E0306,Doctor,DT0006
E0007,Dương Phúc Vũ,2002-08-03,Nam,0379359782,2021-08-30,23014372,E0348,Doctor,DT0007
E0008,Đào Minh Tuấn,1995-03-18,Nam,0577889255,2016-02-28,17523859,E0372,Doctor,DT0008
E0009,Trần Thúy Thảo,1992-05-18,Nữ,0718644925,2019-08-02,17353717,E0306,Doctor,DT0009
E0010,Đặng Tuấn Đức,2001-02-20,Nam,0914865281,2022-06-11,10745548,E0323,Doctor,DT0010
E0011,Đặng Thùy Oanh,1997-10-23,Nữ,0773322141,2019-01-22,6611715,E0323,Doctor,DT0011
E0012,Hồ Quang Phong,1990-02-08,Nam,0592706537,2024-10-29,10397276,E0306,Doctor,DT0012
E0013,Đặng Diệu Hoa,1995-02-20,Nữ,0797746886,2017-08-16,23918440,E0285,Doctor,DT0013
E0014,Trần Hùng Sơn,1983-12-16,Nam,0918141247,2023-12-26,10643884,E0272,Doctor,DT0014
E0015,Tăng Đình Dũng,1994-08-16,Nam,0806853615,2016-01-11,13450359,E0325,Doctor,DT0015
E0016,Thái Quang Đức,1976-04-06,Nam,0347277901,2018-07-29,9324677,E0323,Doctor,DT0016
E0017,Tạ Tấn An,1986-06-25,Nam,0814341036,2017-06-02,11017045,E0467,Doctor,DT0017
E0018,Đinh Thị Hằng,1977-10-26,Nữ,0932460953,2016-03-30,22771485,E0306,Doctor,DT0018
E0019,Đỗ Hoàng Loan,1983-05-27,Nữ,0988806706,2022-06-14,8872727,E0467,Doctor,DT0019
E0020,Thái Hoàng Thúy,1986-05-18,Nữ,0519520585,2023-05-20,6544998,E0323,Doctor,DT0020
E0021,Thái Quang Minh,1995-11-04,Nam,0804303054,2022-10-19,22056841,E0424,Doctor,DT0021
E0022,Tôn Bích Dung,1999-05-12,Nữ,0705415667,2020-04-23,14499799,E0327,Doctor,DT0022
E0023,Đỗ Yến Quỳnh,1990-03-17,Nữ,0361692845,2017-02-04,22649817,E0325,Doctor,DT0023
E0024,Dương Tấn Phú,1978-08-04,Nam,0575705964,2018-09-05,15920030,E0272,Doctor,DT0024
E0025,Đào Minh Dũng,1978-05-14,Nam,0597021355,2022-07-12,19630153,E0323,Doctor,DT0025
E0026,Đỗ Ánh Thy,2000-06-11,Nữ,0392856543,2015-05-13,11148530,E0325,Doctor,DT0026
E0027,Đào Tuấn Vũ,1976-02-29,Nam,0344739473,2023-04-02,12242736,E0325,Doctor,DT0027
E0028,Huỳnh Quốc Hoàng,1981-02-01,Nam,0751884422,2024-07-25,8484774,E0325,Doctor,DT0028
E0029,Thái Thu Chi,1997-10-27,Nữ,0805895782,2017-07-07,10072248,E0285,Doctor,DT0029
E0030,Đào Trung Cường,1977-12-13,Nam,0912517785,2018-06-20,19360031,E0325,Doctor,DT0030
E0031,Ngô Anh Anh,1999-09-24,Nam,0382422535,2022-03-05,12105669,E0424,Doctor,DT0031
E0032,Võ Thu Anh,1978-07-16,Nữ,0981829922,2017-10-23,12586799,E0467,Doctor,DT0032
E0033,Trần Mai Như,2000-04-13,Nữ,0596907844,2015-06-18,6952056,E0372,Doctor,DT0033
E0034,Dương Hoàng Hà,1985-12-26,Nữ,0576773592,2024-01-10,19626204,E0272,Doctor,DT0034
E0035,Hoàng Ánh Hằng,1989-04-28,Nữ,0915371473,2023-03-27,17588712,E0348,Doctor,DT0035
E0036,Hà Tấn Cường,1979-05-06,Nam,0525953278,2015-07-27,15737898,E0348,Doctor,DT0036
E0037,Nguyễn Hoàng Nhi,1997-05-16,Nữ,0973395004,2024-11-09,16352900,E0325,Doctor,DT0037
E0038,Đinh Thị Trang,2001-10-20,Nữ,0824565060,2024-11-23,21790274,E0272,Doctor,DT0038
E0039,Hồ Anh Nhật,1991-04-06,Nam,0949912165,2021-03-16,15683866,E0372,Doctor,DT0039
E0040,Mai Yến Nhi,2000-01-09,Nữ,0900025787,2019-02-06,10840809,E0285,Doctor,DT0040
E0041,Quách Tấn Hưng,2002-03-12,Nam,0569495888,2020-10-12,10690271,E0323,Doctor,DT0041
E0042,Đỗ Thúy Hạnh,2000-04-01,Nữ,0894097499,2018-05-12,21934751,E0327,Doctor,DT0042
E0043,Đào Tấn Đạt,1977-04-21,Nam,0530913075,2021-07-18,22121186,E0424,Doctor,DT0043
E0044,Đào Xuân Trúc,1981-10-17,Nữ,0328385786,2019-08-19,12841469,E0348,Doctor,DT0044
E0045,Đinh Ánh Như,1982-10-08,Nữ,0973348434,2020-02-26,23888775,E0323,Doctor,DT0045
E0046,Lý Ánh Bình,1984-04-19,Nữ,0741986652,2022-09-28,22408220,E0323,Doctor,DT0046
E0047,Quách Như Như,1976-11-20,Nữ,0833848421,2018-03-24,8651787,E0323,Doctor,DT0047
E0048,Trịnh Xuân Anh,1985-11-16,Nam,0365712082,2015-07-27,23818795,E0285,Doctor,DT0048
E0049,Bùi Phương Hà,1996-05-03,Nữ,0393802620,2020-05-09,12692631,E0272,Doctor,DT0049
E0050,Nguyễn Phương Châu,1997-03-22,Nữ,0915478872,2017-02-02,15712899,E0327,Doctor,DT0050
E0051,Huỳnh Như Như,1987-03-29,Nữ,0505493296,2017-02-28,9779798,E0323,Doctor,DT0051
E0052,Cao Thanh Thủy,1998-02-11,Nữ,0575304637,2018-09-05,8910436,E0348,Doctor,DT0052
E0053,Trịnh Ánh Chi,1989-10-14,Nữ,0317426841,2018-05-21,6383719,E0272,Doctor,DT0053
E0054,Hoàng Diệu Yến,1991-06-27,Nữ,0895687833,2021-11-22,13410470,E0285,Doctor,DT0054
E0055,Lê Phúc Long,1998-07-28,Nam,0388398225,2020-01-04,23722549,E0323,Doctor,DT0055
E0056,Lý Hoàng Hằng,1980-03-19,Nữ,0807286790,2022-08-18,12892130,E0306,Doctor,DT0056
E0057,Võ Thị Oanh,1988-10-28,Nữ,0910651801,2023-02-10,6730495,E0348,Doctor,DT0057
E0058,Tôn Thu Uyên,1976-06-03,Nữ,0767661825,2018-03-21,19719297,E0424,Doctor,DT0058
E0059,Hoàng Xuân Hùng,1983-01-03,Nam,0347868633,2021-01-09,19188859,E0467,Doctor,DT0059
E0060,Quách Thanh Linh,1990-07-12,Nữ,0890331190,2016-09-27,15249270,E0285,Doctor,DT0060
E0061,Tạ Ngọc Nhi,2001-10-25,Nữ,0838302843,2022-07-15,7633306,E0285,Doctor,DT0061
E0062,Đặng Thu Loan,2000-11-26,Nữ,0564408926,2021-09-15,16759735,E0285,Doctor,DT0062
E0063,Bùi Tuyết Uyên,1977-02-07,Nữ,0546287334,2018-11-11,18789427,E0467,Doctor,DT0063
E0064,Ngô Thành An,1995-10-09,Nam,0563435175,2015-08-25,24870541,E0348,Doctor,DT0064
E0065,Võ Tuấn Nghĩa,1999-01-10,Nam,0901398373,2023-02-15,12391502,E0327,Doctor,DT0065
E0066,Tạ Thanh Trúc,1988-08-07,Nữ,0593638546,2015-03-04,13107089,E0285,Doctor,DT0066
E0067,Võ Ánh Hằng,1998-12-09,Nữ,0871753556,2022-04-11,18054750,E0272,Doctor,DT0067
E0068,Nguyễn Thanh Vũ,2000-03-26,Nam,0996423536,2024-09-09,13424726,E0424,Doctor,DT0068
E0069,Tôn Hùng Lộc,1997-05-25,Nam,0825228728,2021-03-05,17326777,E0272,Doctor,DT0069
E0070,Tôn Văn Cường,1998-07-03,Nam,0531203875,2015-05-19,8494114,E0327,Doctor,DT0070
E0071,Nguyễn Văn Bảo,2002-09-18,Nam,0960084840,2022-02-25,22213640,E0325,Doctor,DT0071
E0072,Hoàng Mỹ Hoa,1983-01-16,Nữ,0984546156,2016-03-14,9231757,E0467,Doctor,DT0072
E0073,Cao Hoàng Linh,2000-05-05,Nữ,0366687002,2017-09-23,13578511,E0272,Doctor,DT0073
E0074,Lâm Công An,1997-06-03,Nam,0333974014,2024-06-24,20559591,E0323,Doctor,DT0074
E0075,Phan Phúc Thắng,1983-01-17,Nam,0814293968,2024-07-15,16552355,E0327,Doctor,DT0075
E0076,Đào Ánh Hà,1992-03-20,Nữ,0363159996,2023-06-22,10695962,E0372,Doctor,DT0076
E0077,Lý Mỹ Thúy,1976-04-30,Nữ,0966296194,2022-02-10,15171333,E0325,Doctor,DT0077
E0078,Hồ Quang Đạt,1978-04-19,Nam,0751104754,2015-12-03,14991649,E0424,Doctor,DT0078
E0079,Dương Thành Vũ,1980-12-10,Nam,0961015819,2015-12-24,12287824,E0348,Doctor,DT0079
E0080,Hồ Hoàng Bình,1992-04-12,Nữ,0598262244,2015-02-20,15792772,E0348,Doctor,DT0080
E0081,Ngô Kim Uyên,1997-02-13,Nữ,0771543799,2016-08-20,8122893,E0424,Doctor,DT0081
E0082,Nguyễn Tuấn Tiến,1995-07-16,Nam,0965756924,2016-03-14,10546274,E0272,Doctor,DT0082
E0083,Bùi Thùy Nhi,2002-01-22,Nữ,0747935646,2022-10-18,12739457,E0325,Doctor,DT0083
E0084,Đinh Thùy Bình,1980-02-09,Nữ,0373741672,2021-04-28,12704177,E0306,Doctor,DT0084
E0085,Thái Hồng Thảo,1985-11-09,Nữ,0897968868,2017-10-31,11172188,E0348,Doctor,DT0085
E0086,Trịnh Đức Nam,1991-02-16,Nam,0552909656,2022-11-13,24015575,E0306,Doctor,DT0086
E0087,Đào Anh Vũ,1975-06-22,Nam,0993756798,2016-02-08,14681819,E0285,Doctor,DT0087
E0088,Đặng Trung Hoàng,1990-06-22,Nam,0325457387,2015-04-11,22199109,E0372,Doctor,DT0088
E0089,Bùi Hoàng Anh,1996-05-11,Nữ,0310512382,2016-02-04,20702409,E0325,Doctor,DT0089
E0090,Vũ Tuấn Khoa,1989-11-05,Nam,0566093796,2021-04-12,20306582,E0325,Doctor,DT0090
E0091,Võ Hoàng Châu,1975-03-14,Nữ,0382553714,2022-11-26,13207361,E0285,Doctor,DT0091
E0092,Hồ Xuân Nhi,1998-09-03,Nữ,0915579249,2022-03-02,16516096,E0306,Doctor,DT0092
E0093,Đặng Công Khoa,1981-01-03,Nam,0728669296,2018-07-06,9954780,E0285,Doctor,DT0093
E0094,Đinh Thùy Giang,1983-05-02,Nữ,0722579050,2020-06-16,24031456,E0424,Doctor,DT0094
E0095,Đào Diệu Uyên,1981-02-14,Nữ,0867721903,2017-03-10,18883028,E0467,Doctor,DT0095
E0096,Đặng Thùy Diệu,1976-06-19,Nữ,0978819148,2018-01-30,13544493,E0467,Doctor,DT0096
E0097,Đinh Bích Tâm,1999-04-25,Nữ,0334074517,2024-03-23,7396217,E0325,Doctor,DT0097
E0098,Trịnh Trung Phong,1985-08-18,Nam,0923309584,2017-05-09,17765218,E0306,Doctor,DT0098
E0099,Lâm Thanh Phát,1989-07-08,Nam,0326042232,2022-11-23,15819191,E0272,Doctor,DT0099
E0100,Hoàng Mai Quỳnh,1986-02-07,Nữ,0867116845,2023-07-16,19176850,E0325,Doctor,DT0100
E0101,Tạ Như Thúy,1996-11-22,Nữ,0386363745,2018-09-02,6082982,E0372,Doctor,DT0101
E0102,Hà Diệu Nhung,1990-02-24,Nữ,0301701277,2021-02-19,10382015,E0306,Doctor,DT0102
E0103,Huỳnh Thanh Hoàng,1994-03-11,Nam,0741520643,2017-04-08,10426268,E0272,Doctor,DT0103
E0104,Phan Diệu Thảo,1979-02-03,Nữ,0593870051,2022-11-22,9193834,E0327,Doctor,DT0104
E0105,Hồ Hoàng Trang,1980-12-05,Nữ,0355426221,2020-05-10,8376603,E0285,Doctor,DT0105
E0106,Đỗ Hoàng Thắng,2002-05-18,Nam,0897311219,2022-04-16,11506837,E0325,Doctor,DT0106
E0107,Vũ Kim Ngọc,1990-10-08,Nữ,0589994043,2019-10-25,16552991,E0424,Doctor,DT0107
E0108,Lý Tuấn Long,1992-07-28,Nam,0579180552,2018-04-25,7831036,E0285,Doctor,DT0108
E0109,Cao Thùy Trúc,2000-06-30,Nữ,0309104300,2019-09-20,18261207,E0467,Doctor,DT0109
E0110,Ngô Hồng Ngọc,1997-09-22,Nữ,0989241418,2018-03-19,22812413,E0348,Doctor,DT0110
E0111,Lâm Đức Tùng,1981-12-20,Nam,0830316179,2021-01-06,16963920,E0348,Doctor,DT0111
E0112,Nguyễn Quang Hùng,1988-11-15,Nam,0575884252,2022-06-21,11893698,E0372,Doctor,DT0112
E0113,Thái Tuyết Quỳnh,1980-04-18,Nữ,0914917785,2023-08-26,6985032,E0323,Doctor,DT0113
E0114,Huỳnh Thanh Nam,1997-05-30,Nam,0913800030,2024-08-20,11599610,E0323,Doctor,DT0114
E0115,Quách Ngọc Bình,1991-04-30,Nữ,0835365419,2019-04-18,11036005,E0424,Doctor,DT0115
E0116,Vũ Yến Linh,1980-05-10,Nữ,0817445187,2020-08-18,7767384,E0424,Doctor,DT0116
E0117,Thái Bảo Trí,1991-07-20,Nam,0575973832,2017-04-01,15784307,E0306,Doctor,DT0117
E0118,Đỗ Văn Tiến,1993-05-24,Nam,0364138367,2015-04-08,13818106,E0467,Doctor,DT0118
E0119,Trần Xuân An,1981-05-21,Nam,0857191826,2022-12-24,15389378,E0372,Doctor,DT0119
E0120,Cao Quang Kiên,2001-07-20,Nam,0745655743,2021-05-14,8089866,E0348,Doctor,DT0120
E0121,Phạm Minh Nhật,1984-02-04,Nam,0856185374,2016-07-11,9656521,E0424,Nurse,NS0001
E0122,Huỳnh Phương Kiều,1986-11-20,Nữ,0335213568,2024-07-23,10023631,E0372,Nurse,NS0002
E0123,Hồ Quốc Vũ,1988-05-28,Nam,0931712100,2017-12-01,11834033,E0327,Nurse,NS0003
E0124,Cao Đức Hậu,1980-11-11,Nam,0941013721,2017-03-22,19441295,E0323,Nurse,NS0004
E0125,Huỳnh Mai Tâm,1980-06-30,Nữ,0870662532,2015-06-24,21468422,E0327,Nurse,NS0005
E0126,Mai Xuân Xuân,1987-07-22,Nữ,0547687014,2020-01-01,10987242,E0327,Nurse,NS0006
E0127,Vũ Lan Hương,1981-02-26,Nữ,0857875985,2019-09-14,12692693,E0467,Nurse,NS0007
E0128,Mai Mỹ Hương,1987-02-17,Nữ,0707859321,2017-01-06,6874528,E0323,Nurse,NS0008
E0129,Tôn Xuân Toàn,1985-10-26,Nam,0852239559,2017-12-27,23907650,E0327,Nurse,NS0009
E0130,Lâm Hoàng Lộc,1990-10-10,Nam,0942701039,2021-05-14,24911495,E0424,Nurse,NS0010
E0131,Bùi Tấn Bình,1975-11-23,Nam,0552500292,2020-11-26,22038649,E0327,Nurse,NS0011
E0132,Đỗ Tuấn Hậu,1998-08-10,Nam,0354522675,2024-08-26,18243671,E0372,Nurse,NS0012
E0133,Cao Phúc Khoa,2000-03-17,Nam,0844220969,2022-10-11,17973078,E0285,Nurse,NS0013
E0134,Vũ Phúc Nam,1983-03-03,Nam,0825135521,2021-10-03,16677587,E0306,Nurse,NS0014
E0135,Vũ Hoàng Thúy,1995-01-13,Nữ,0710067626,2015-02-16,14899052,E0285,Nurse,NS0015
E0136,Phạm Diệu Châu,1991-12-27,Nữ,0527104054,2018-12-09,24321524,E0348,Nurse,NS0016
E0137,Huỳnh Đức Vũ,1978-04-30,Nam,0359970629,2018-11-01,11707783,E0348,Nurse,NS0017
E0138,Phan Bích Uyên,1982-01-17,Nữ,0984443106,2015-08-08,9397648,E0323,Nurse,NS0018
E0139,Ngô Hoàng Dung,1981-11-21,Nữ,0973103241,2015-08-12,18107409,E0327,Nurse,NS0019
E0140,Lý Kim Ngọc,1980-03-07,Nữ,0962565270,2018-06-17,19336791,E0325,Nurse,NS0020
E0141,Châu Kim Châu,1994-09-22,Nữ,0321158693,2020-03-19,14838264,E0285,Nurse,NS0021
E0142,Đinh Hùng Toàn,1992-05-13,Nam,0574160898,2024-03-06,23534951,E0348,Nurse,NS0022
E0143,Huỳnh Hoàng Bình,1980-05-24,Nam,0506163294,2023-06-29,21067273,E0424,Nurse,NS0023
E0144,Hồ Lan Trinh,1978-01-02,Nữ,0787099861,2015-12-23,19022446,E0467,Nurse,NS0024
E0145,Lâm Thanh Dung,1981-09-17,Nữ,0956467997,2016-08-30,9362288,E0372,Nurse,NS0025
E0146,Mai Tấn Hiếu,1982-09-22,Nam,0365307450,2018-02-02,19521562,E0424,Nurse,NS0026
E0147,Hà Thanh Trâm,1988-08-05,Nữ,0547546913,2018-06-27,15406872,E0325,Nurse,NS0027
E0148,Tôn Yến Hiền,1984-06-25,Nữ,0382148628,2024-03-28,19662370,E0325,Nurse,NS0028
E0149,Vũ Hữu Khôi,1982-10-17,Nam,0353457861,2017-02-28,12735272,E0327,Nurse,NS0029
E0150,Dương Minh Tài,1985-11-07,Nam,0985524140,2019-03-06,22400961,E0306,Nurse,NS0030
E0151,Trịnh Mỹ Oanh,1977-03-24,Nữ,0768007229,2016-10-29,13191338,E0285,Nurse,NS0031
E0152,Ngô Tuấn Vinh,1985-01-14,Nam,0843748969,2017-10-30,16249526,E0272,Nurse,NS0032
E0153,Trịnh Tấn Nghĩa,1975-05-01,Nam,0741715454,2020-09-26,18557067,E0467,Nurse,NS0033
E0154,Tôn Mỹ Hà,1988-05-27,Nữ,0965207446,2017-02-10,11030792,E0467,Nurse,NS0034
E0155,Lương Mai Hoa,1992-06-01,Nữ,0738758428,2023-04-06,7185109,E0306,Nurse,NS0035
E0156,Tạ Thanh Vũ,1988-03-06,Nam,0551353465,2016-02-04,21796784,E0424,Nurse,NS0036
E0157,Hà Thanh Trúc,1986-09-09,Nữ,0399917381,2021-07-26,15866718,E0325,Nurse,NS0037
E0158,Hà Thu Mai,1998-10-07,Nữ,0556972521,2018-05-07,19861579,E0327,Nurse,NS0038
E0159,Trịnh Ngọc Lan,1989-12-02,Nữ,0843292712,2022-01-28,11933237,E0323,Nurse,NS0039
E0160,Lý Hồng Lan,2003-06-02,Nữ,0383505830,2019-10-25,19535639,E0348,Nurse,NS0040
E0161,Lương Đình Tùng,2003-02-10,Nam,0516894210,2023-03-24,14349118,E0285,Nurse,NS0041
E0162,Đào Thúy Tâm,1988-01-17,Nữ,0557532603,2020-02-11,23457982,E0306,Nurse,NS0042
E0163,Đào Minh Long,1980-11-19,Nam,0706489090,2017-05-15,6735287,E0306,Nurse,NS0043
E0164,Dương Tuấn Long,1975-11-20,Nam,0947230461,2015-07-17,9885261,E0348,Nurse,NS0044
E0165,Châu Thanh Hằng,2002-12-08,Nữ,0914117393,2021-10-16,10602444,E0348,Nurse,NS0045
E0166,Đặng Thùy Linh,1998-06-20,Nữ,0973753001,2017-04-06,18009863,E0348,Nurse,NS0046
E0167,Lê Anh Minh,2000-10-02,Nam,0343744701,2022-07-03,22579380,E0424,Nurse,NS0047
E0168,Thái Ngọc Phú,1976-10-08,Nam,0310022557,2024-07-22,15749816,E0323,Nurse,NS0048
E0169,Phạm Hồng Nhi,1979-03-03,Nữ,0846762120,2019-03-07,17499866,E0424,Nurse,NS0049
E0170,Cao Quốc Khoa,1979-08-27,Nam,0965902771,2019-09-01,22195880,E0306,Nurse,NS0050
E0171,Trịnh Thúy Lan,1994-10-08,Nữ,0999358891,2015-07-08,8125205,E0272,Nurse,NS0051
E0172,Hoàng Lan Xuân,1986-02-24,Nữ,0302877217,2020-05-27,17601427,E0348,Nurse,NS0052
E0173,Đào Mỹ Bình,1985-10-21,Nữ,0863177971,2018-09-17,15333404,E0327,Nurse,NS0053
E0174,Tạ Thị Trang,1995-01-20,Nữ,0860880199,2018-07-18,9983140,E0325,Nurse,NS0054
E0175,Bùi Ánh Hà,1997-10-20,Nữ,0575899757,2021-04-22,12940776,E0325,Nurse,NS0055
E0176,Bùi Đình Quang,1979-05-16,Nam,0985102726,2023-07-08,13440598,E0327,Nurse,NS0056
E0177,Phạm Tuấn Quân,1986-05-29,Nam,0835160917,2021-11-07,12574033,E0285,Nurse,NS0057
E0178,Nguyễn Yến Hà,2001-06-08,Nữ,0969782922,2020-08-27,10517634,E0325,Nurse,NS0058
E0179,Tăng Tuấn Cường,1992-05-18,Nam,0934654722,2022-05-17,16799284,E0467,Nurse,NS0059
E0180,Châu Lan Trinh,2002-01-10,Nữ,0933394522,2022-11-07,23189755,E0272,Nurse,NS0060
E0181,Lý Mai Châu,1980-03-05,Nữ,0884608106,2023-07-14,17819139,E0467,Nurse,NS0061
E0182,Võ Minh Quang,1977-05-19,Nam,0720438057,2022-07-08,7899341,E0285,Nurse,NS0062
E0183,Tạ Thành Đạt,2002-08-21,Nam,0584066658,2024-09-25,24853731,E0285,Nurse,NS0063
E0184,Mai Quốc Hải,1975-08-01,Nam,0798933472,2023-05-05,14433608,E0285,Nurse,NS0064
E0185,Hồ Hữu Phú,1983-05-22,Nam,0784229405,2016-12-12,23241839,E0372,Nurse,NS0065
E0186,Mai Ngọc Xuân,1981-12-11,Nữ,0779851583,2015-06-13,11157429,E0323,Nurse,NS0066
E0187,Ngô Thành Bảo,1998-05-09,Nam,0815335554,2015-10-07,22949697,E0424,Nurse,NS0067
E0188,Châu Văn Long,2002-09-25,Nam,0773993056,2020-12-12,21933563,E0467,Nurse,NS0068
E0189,Nguyễn Anh Sơn,1992-04-23,Nam,0987704358,2017-11-16,24127356,E0272,Nurse,NS0069
E0190,Nguyễn Đức Quân,1979-04-22,Nam,0561386120,2016-11-16,24051439,E0467,Nurse,NS0070
E0191,Trần Thùy Như,1989-11-17,Nữ,0919346676,2015-06-05,8936714,E0372,Nurse,NS0071
E0192,Đinh Thị Xuân,1989-03-11,Nữ,0390158144,2015-03-11,19069513,E0372,Nurse,NS0072
E0193,Hồ Văn Tài,1987-08-18,Nam,0583268424,2023-08-01,20685974,E0348,Nurse,NS0073
E0194,Phạm Ngọc Lan,1975-07-02,Nữ,0996881435,2021-03-17,24625050,E0424,Nurse,NS0074
E0195,Huỳnh Minh Hải,1993-07-05,Nam,0943129087,2022-03-30,23198414,E0424,Nurse,NS0075
E0196,Phạm Hoàng Hậu,1988-01-15,Nam,0855231491,2022-07-14,8260319,E0272,Nurse,NS0076
E0197,Mai Bảo Hậu,1989-04-03,Nam,0599556205,2020-06-13,21121169,E0323,Nurse,NS0077
E0198,Châu Đình Đức,1984-12-08,Nam,0777754781,2022-12-27,20633895,E0272,Nurse,NS0078
E0199,Hà Quang Bảo,2003-12-16,Nam,0541108099,2021-10-20,8750580,E0272,Nurse,NS0079
E0200,Võ Lan Nga,2001-06-20,Nữ,0825639427,2017-05-21,7229981,E0467,Nurse,NS0080
E0201,Cao Xuân Trí,1992-10-18,Nam,0582722992,2019-01-30,22849937,E0327,Nurse,NS0081
E0202,Vũ Hoàng Như,1991-02-04,Nữ,0730385677,2015-06-15,13342351,E0325,Nurse,NS0082
E0203,Lương Anh Thành,1976-10-15,Nam,0798926659,2022-04-10,16874022,E0372,Nurse,NS0083
E0204,Đào Tuấn Vinh,1998-03-06,Nam,0777908272,2017-10-27,18627498,E0285,Nurse,NS0084
E0205,Hoàng Minh Phong,1978-06-17,Nam,0791365177,2020-10-08,15422403,E0285,Nurse,NS0085
E0206,Nguyễn Mỹ Linh,1984-06-14,Nữ,0599228092,2021-08-16,11410526,E0348,Nurse,NS0086
E0207,Hồ Tấn Toàn,1982-06-18,Nam,0341379772,2017-11-23,12041057,E0467,Nurse,NS0087
E0208,Châu Minh Trí,1993-06-05,Nam,0942579913,2021-09-27,10788624,E0306,Nurse,NS0088
E0209,Phan Yến Hằng,1992-04-16,Nữ,0829127990,2016-06-25,9643008,E0327,Nurse,NS0089
E0210,Đinh Văn Phú,1979-03-07,Nam,0965086376,2020-05-29,10373110,E0306,Nurse,NS0090
E0211,Hoàng Kim Trúc,2001-06-03,Nữ,0514986430,2024-01-09,9278835,E0348,Nurse,NS0091
E0212,Nguyễn Tuấn Quân,2000-12-04,Nam,0765126944,2020-11-10,9953671,E0467,Nurse,NS0092
E0213,Tôn Bích Uyên,2000-04-30,Nữ,0987258874,2019-02-06,15246277,E0348,Nurse,NS0093
E0214,Hà Thanh Trâm,2000-11-29,Nữ,0821386589,2018-11-11,19359017,E0424,Nurse,NS0094
E0215,Châu Quang Tài,1982-03-18,Nam,0961143519,2019-05-13,6177524,E0372,Nurse,NS0095
E0216,Lương Tấn Anh,1992-03-28,Nam,0577038430,2019-06-30,23482045,E0272,Nurse,NS0096
E0217,Vũ Văn Phong,2002-08-06,Nam,0346566938,2016-11-25,7210010,E0323,Nurse,NS0097
E0218,Tạ Thành Hậu,1978-01-29,Nam,0754393769,2016-01-05,24441269,E0272,Nurse,NS0098
E0219,Phạm Thành Minh,1986-09-17,Nam,0945184894,2016-12-17,19661171,E0467,Nurse,NS0099
E0220,Tôn Thúy Diệu,1991-12-01,Nữ,0890714163,2021-04-25,22227926,E0285,Nurse,NS0100
E0221,Đinh Văn Trung,1989-02-28,Nam,0541651827,2019-08-17,17847944,E0467,Nurse,NS0101
E0222,Tạ Bích Giang,1990-11-10,Nữ,0533433339,2017-06-14,15028685,E0424,Nurse,NS0102
E0223,Quách Hoàng Giang,1981-12-30,Nữ,0908075957,2023-09-26,9579898,E0372,Nurse,NS0103
E0224,Hồ Mỹ Châu,1997-01-06,Nữ,0508678085,2017-01-19,23150798,E0272,Nurse,NS0104
E0225,Dương Thúy Lan,1982-11-03,Nữ,0336915594,2020-02-16,10038885,E0467,Nurse,NS0105
E0226,Lý Tấn Tiến,1999-08-10,Nam,0727636556,2017-12-12,13957069,E0272,Nurse,NS0106
E0227,Cao Mỹ Trang,1995-03-21,Nữ,0738663227,2017-01-06,10400300,E0306,Nurse,NS0107
E0228,Tăng Anh Bảo,1982-12-03,Nam,0774489061,2019-09-23,22763721,E0424,Nurse,NS0108
E0229,Châu Công Nhật,1977-09-10,Nam,0745588450,2017-06-01,14532545,E0325,Nurse,NS0109
E0230,Lâm Lan Thủy,1980-06-09,Nữ,0755877169,2018-12-09,12675926,E0306,Nurse,NS0110
E0231,Trịnh Thúy Uyên,1995-10-21,Nữ,0996112535,2022-01-31,10860303,E0424,Nurse,NS0111
E0232,Trịnh Hồng Quỳnh,1988-01-26,Nữ,0859876220,2022-12-19,14974884,E0306,Nurse,NS0112
E0233,Phan Minh Hiếu,1985-07-11,Nam,0311780068,2022-06-04,14443872,E0372,Nurse,NS0113
E0234,Trịnh Tuấn Tùng,1979-08-30,Nam,0534722820,2017-12-11,11210143,E0372,Nurse,NS0114
E0235,Dương Thành Thành,1991-01-03,Nam,0972829979,2024-08-25,16911945,E0325,Nurse,NS0115
E0236,Quách Ánh Trúc,1998-06-25,Nữ,0931745642,2022-03-05,23910823,E0272,Nurse,NS0116
E0237,Đỗ Phương Trúc,1975-06-22,Nữ,0907740649,2015-01-01,23559579,E0424,Nurse,NS0117
E0238,Ngô Thành Phú,1975-04-29,Nam,0832663416,2021-02-23,18537408,E0285,Nurse,NS0118
E0239,Trịnh Thành Thành,1998-03-05,Nam,0831224179,2023-07-29,15122279,E0272,Nurse,NS0119
E0240,Bùi Thị Yến,1987-03-17,Nữ,0380214427,2022-11-09,22508646,E0285,Nurse,NS0120
E0241,Lý Hoàng Tiến,1985-06-11,Nam,0847570512,2016-01-05,11056105,E0327,Nurse,NS0121
E0242,Đinh Hùng Khoa,1986-12-15,Nam,0546013673,2023-09-13,19167489,E0372,Nurse,NS0122
E0243,Cao Hoàng Tài,1983-12-08,Nam,0845208814,2020-03-02,9152784,E0467,Nurse,NS0123
E0244,Tăng Ngọc Oanh,2003-08-23,Nữ,0336502491,2018-05-08,12668058,E0323,Nurse,NS0124
E0245,Thái Diệu Kiều,1985-11-26,Nữ,0551327195,2015-02-06,7409063,E0306,Nurse,NS0125
E0246,Thái Công Đức,1977-09-06,Nam,0835857306,2018-12-27,11164645,E0467,Nurse,NS0126
E0247,Lương Như Bình,1981-01-16,Nữ,0787392855,2017-10-23,7325015,E0325,Nurse,NS0127
E0248,Lê Yến Yến,1987-05-08,Nữ,0844857086,2024-09-23,24606614,E0424,Nurse,NS0128
E0249,Vũ Ngọc Minh,1975-11-03,Nam,0963878294,2021-12-13,18216336,E0306,Nurse,NS0129
E0250,Phạm Yến Thảo,1993-05-20,Nữ,0322031731,2022-03-10,16805334,E0372,Nurse,NS0130
E0251,Đào Tấn Hậu,2000-08-12,Nam,0705391037,2022-03-13,19039212,E0325,Nurse,NS0131
E0252,Đinh Trung Sơn,1995-12-30,Nam,0394801413,2023-12-25,8036760,E0323,Nurse,NS0132
E0253,Hồ Hoàng Bình,1979-07-17,Nam,0939288619,2023-02-18,13751677,E0467,Nurse,NS0133
E0254,Huỳnh Thùy Bình,1995-07-30,Nữ,0885289755,2022-11-17,20330258,E0372,Nurse,NS0134
E0255,Mai Mỹ Châu,1991-09-04,Nữ,0936845776,2019-08-16,20448138,E0323,Nurse,NS0135
E0256,Hoàng Bảo Hùng,1976-07-21,Nam,0733504888,2018-03-11,6547019,E0467,Nurse,NS0136
E0257,Hoàng Quang Trung,1979-03-25,Nam,0793344196,2015-06-04,21447447,E0323,Nurse,NS0137
E0258,Huỳnh Hùng Toàn,1978-06-18,Nam,0394096105,2023-02-11,16894857,E0325,Nurse,NS0138
E0259,Tạ Xuân Lan,1994-06-25,Nữ,0804805892,2019-09-03,10044668,E0285,Nurse,NS0139
E0260,Trần Hồng Thy,1997-07-15,Nữ,0998136462,2022-10-29,13408723,E0424,Nurse,NS0140
E0261,Tạ Hữu Vũ,1990-01-29,Nam,0841686227,2015-12-05,21967032,E0306,Nurse,NS0141
E0262,Mai Anh Kiên,1996-11-19,Nam,0514659116,2019-06-08,12580000,E0467,Nurse,NS0142
E0263,Đỗ Xuân Hương,1991-05-21,Nữ,0725979270,2018-11-27,12391775,E0323,Nurse,NS0143
E0264,Tôn Đức Long,1983-12-16,Nam,0339240514,2022-09-08,18543344,E0424,Nurse,NS0144
E0265,Tạ Lan Oanh,1996-02-19,Nữ,0588487920,2015-04-04,17135934,E0285,Nurse,NS0145
E0266,Võ Thùy Hà,2001-02-24,Nữ,0739407016,2022-06-10,23676444,E0327,Nurse,NS0146
E0267,Đặng Hồng Trâm,1991-02-27,Nữ,0881579812,2024-09-10,9620235,E0327,Nurse,NS0147
E0268,Trần Xuân An,1997-06-16,Nam,0757620555,2020-02-19,24813551,E0327,Nurse,NS0148
E0269,Trịnh Kim Vân,1985-08-05,Nữ,0384325621,2020-08-15,15256938,E0327,Nurse,NS0149
E0270,Vũ Mai Yến,1998-05-11,Nữ,0849578232,2022-08-09,13631216,E0348,Nurse,NS0150
E0271,Ngô Quang Toàn,1988-11-10,Nam,0551881252,2022-09-21,23575995,E0424,Cashier,CS0001
E0272,Ngô Bảo Nhật,1989-04-18,Nam,0723122099,2024-11-14,19892882,E0272,Manager,MN0001
E0273,Đỗ Đức Tài,2001-10-01,Nam,0589752677,2017-08-09,13748133,E0327,Admin,AD0001
E0274,Tôn Văn Thành,1983-09-02,Nam,0833312797,2017-07-15,7081444,E0348,Cashier,CS0002
E0275,Mai Hồng Trinh,1986-01-26,Nữ,0899988081,2019-10-18,19585074,E0327,Admin,AD0002
E0276,Đinh Hồng Linh,1976-11-25,Nữ,0968034764,2024-11-04,14245050,E0467,Staff,EM0001
E0277,Quách Ngọc Loan,1982-06-20,Nữ,0577181298,2019-09-27,15879086,E0306,Admin,AD0003
E0278,Huỳnh Như Duyên,1993-07-20,Nữ,0571452111,2018-08-17,21129218,E0327,Cashier,CS0003
E0279,Mai Thùy Vân,1978-10-29,Nữ,0960259222,2020-11-15,18887833,E0467,Staff,EM0002
E0280,Đặng Minh Long,1993-10-27,Nam,0530940777,2018-06-15,16385710,E0325,Cashier,CS0004
E0281,Ngô Như Ngọc,1985-09-02,Nữ,0990384983,2017-06-07,21962245,E0325,Receptionist,RC0001
E0282,Hoàng Hữu Toàn,1981-08-26,Nam,0945101622,2015-08-14,17711162,E0327,Receptionist,RC0002
E0283,Lê Bảo Hưng,1995-06-05,Nam,0761681472,2023-05-28,18085925,E0327,Admin,AD0004
E0284,Phan Bích Xuân,1989-10-07,Nữ,0319817946,2020-11-28,19883411,E0467,Receptionist,RC0003
E0285,Quách Thu Xuân,1986-08-25,Nữ,0978772934,2020-11-22,17873347,E0285,Manager,MN0002
E0286,Tạ Hoàng Trí,1980-04-20,Nam,0860558303,2015-04-09,21598973,E0372,Cashier,CS0005
E0287,Đinh Thúy Lan,1978-01-16,Nữ,0355699023,2018-06-14,16075858,E0467,Admin,AD0005
E0288,Lý Thu Diệu,1996-06-28,Nữ,0957608495,2020-04-27,7193136,E0424,Admin,AD0006
E0289,Lê Quang Thành,2000-11-25,Nam,0356829962,2022-09-08,17130652,E0323,Receptionist,RC0004
E0290,Ngô Hoàng Giang,1989-02-08,Nữ,0557438421,2022-12-17,7061266,E0272,Receptionist,RC0005
E0291,Nguyễn Hùng Phát,1984-01-25,Nam,0535784521,2016-01-15,20890587,E0467,Admin,AD0007
E0292,Phạm Văn Tùng,1976-08-21,Nam,0391570184,2020-02-25,19005302,E0467,Cashier,CS0006
E0293,Phan Phương Quỳnh,2003-08-28,Nữ,0957142241,2017-05-09,16766958,E0285,Receptionist,RC0006
E0294,Bùi Thanh Thắng,1984-04-07,Nam,0793214958,2021-01-31,17754726,E0467,Receptionist,RC0007
E0295,Phạm Tuấn Anh,1980-11-01,Nam,0366299795,2015-04-29,21795264,E0327,Staff,EM0003
E0296,Quách Như Châu,1983-11-21,Nữ,0517174773,2022-12-30,23900783,E0372,Admin,AD0008
E0297,Huỳnh Ngọc Hưng,2002-09-03,Nam,0870171577,2017-11-22,18195336,E0348,Cashier,CS0007
E0298,Phạm Hồng Trang,1990-08-21,Nữ,0781487696,2021-10-11,10274633,E0467,Cashier,CS0008
E0299,Lê Ngọc Quân,1999-07-31,Nam,0966958321,2016-10-13,22185807,E0348,Cashier,CS0009
E0300,Đinh Công Nhật,2001-07-25,Nam,0546191965,2021-09-07,21532629,E0323,Staff,EM0004
E0301,Tăng Văn Thắng,1979-01-23,Nam,0578469973,2017-06-10,10661272,E0306,Staff,EM0005
E0302,Lương Ánh Ngọc,1988-06-11,Nữ,0909862405,2021-05-24,16219006,E0348,Cashier,CS0010
E0303,Hà Bảo Dũng,2000-02-14,Nam,0569656666,2024-03-15,18054249,E0372,Receptionist,RC0008
E0304,Hồ Đình Cường,1996-04-20,Nam,0542201027,2016-07-23,12315844,E0467,Cashier,CS0011
E0305,Tăng Tấn Phú,1978-10-19,Nam,0927868765,2016-07-16,19953793,E0325,Staff,EM0006
E0306,Lâm Hùng Kiên,1983-05-03,Nam,0946895009,2019-10-06,6249309,E0306,Manager,MN0003
E0307,Hoàng Yến Quỳnh,1980-01-29,Nữ,0881891371,2021-07-04,22157563,E0372,Staff,EM0007
E0308,Dương Anh Tài,1990-05-30,Nam,0956544209,2020-12-31,6361830,E0325,Admin,AD0009
E0309,Huỳnh Mai Hà,1977-10-03,Nữ,0790471281,2022-01-21,21876632,E0306,Admin,AD0010
E0310,Hà Kim Lan,1980-12-11,Nữ,0392927524,2021-11-27,15427853,E0272,Admin,AD0011
E0311,Bùi Hoàng Yến,1983-02-10,Nữ,0927663723,2023-12-19,23696233,E0327,Cashier,CS0012
E0312,Huỳnh Quốc Hiếu,2003-10-23,Nam,0847836674,2017-12-18,9892125,E0327,Admin,AD0012
E0313,Cao Thúy Loan,1975-07-14,Nữ,0318569454,2018-03-28,21059921,E0348,Cashier,CS0013
E0314,Tôn Xuân Hậu,1986-06-15,Nam,0585258001,2022-05-04,19124942,E0325,Admin,AD0013
E0315,Đỗ Mỹ Dung,1979-05-20,Nữ,0730091093,2020-11-21,9486549,E0325,Receptionist,RC0009
E0316,Cao Phúc Khoa,1978-11-16,Nam,0324471746,2024-08-08,10358964,E0348,Receptionist,RC0010
E0317,Tôn Ngọc Vân,1982-04-07,Nữ,0850442717,2023-10-03,8482929,E0272,Admin,AD0014
E0318,Hoàng Lan Tâm,1983-01-02,Nữ,0591741011,2022-03-28,22510703,E0372,Cashier,CS0014
E0319,Quách Ngọc Vân,1975-11-04,Nữ,0725690877,2020-07-31,10994720,E0327,Admin,AD0015
E0320,Hồ Diệu Hạnh,1978-02-22,Nữ,0985546015,2021-01-21,13578162,E0327,Staff,EM0008
E0321,Huỳnh Thành Tuấn,1995-08-14,Nam,0834615717,2023-07-12,15729398,E0285,Admin,AD0016
E0322,Vũ Hùng Đạt,1976-08-07,Nam,0384787005,2017-03-01,6851094,E0306,Cashier,CS0015
E0323,Hồ Công Quân,1990-02-24,Nam,0978293102,2023-11-01,7436617,E0323,Manager,MN0004
E0324,Lương Quang Hùng,1996-02-20,Nam,0504179291,2021-12-07,7536849,E0285,Staff,EM0009
E0325,Lê Hoàng Phú,1980-02-14,Nam,0765198253,2020-07-29,13401185,E0325,Manager,MN0005
E0326,Hoàng Trung Phong,1990-01-18,Nam,0782739021,2015-09-16,10051546,E0272,Receptionist,RC0011
E0327,Lê Thị Lan,1982-01-28,Nữ,0519467232,2015-03-06,22339917,E0327,Manager,MN0006
E0328,Lương Ngọc Kiều,1993-06-25,Nữ,0579145608,2017-09-06,11856890,E0306,Admin,AD0017
E0329,Đỗ Thành Phát,1980-04-09,Nam,0573403127,2020-12-11,9210617,E0306,Cashier,CS0016
E0330,Trịnh Đình Quang,1982-03-02,Nam,0564597010,2022-07-07,7446719,E0327,Staff,EM0010
E0331,Lê Xuân Nhật,1976-04-21,Nam,0995635315,2020-06-09,23277301,E0372,Cashier,CS0017
E0332,Hồ Xuân Minh,1985-08-20,Nam,0897062397,2023-04-10,19844406,E0285,Cashier,CS0018
E0333,Trịnh Ánh Quỳnh,1991-10-03,Nữ,0552090421,2016-07-12,21359212,E0285,Cashier,CS0019
E0334,Tăng Phương Kiều,1993-10-05,Nữ,0592983168,2016-12-02,17528497,E0285,Staff,EM0011
E0335,Nguyễn Trung Kiên,2001-07-15,Nam,0556939290,2020-04-23,21527746,E0272,Staff,EM0012
E0336,Ngô Anh Hiếu,1976-10-18,Nam,0817731806,2020-04-11,22918692,E0327,Staff,EM0013
E0337,Nguyễn Hùng Tùng,1991-01-29,Nam,0579907726,2018-04-26,14021602,E0372,Cashier,CS0020
E0338,Hồ Thúy Loan,2003-02-12,Nữ,0346498931,2020-03-16,6045756,E0372,Cashier,CS0021
E0339,Phạm Tuấn Sơn,1998-02-02,Nam,0890552818,2022-07-26,18213495,E0327,Admin,AD0018
E0340,Trịnh Hùng Hậu,1990-01-09,Nam,0535548640,2017-09-04,24107106,E0372,Cashier,CS0022
E0341,Đào Thanh Trúc,1990-06-27,Nữ,0984795137,2020-01-28,22315067,E0467,Receptionist,RC0012
E0342,Phạm Minh Thành,1992-07-10,Nam,0327238046,2017-01-02,15676181,E0372,Receptionist,RC0013
E0343,Đặng Bích Thảo,1990-07-21,Nữ,0338569557,2019-09-17,20893471,E0327,Cashier,CS0023
E0344,Huỳnh Kim Trâm,1988-08-22,Nữ,0854025472,2021-05-12,10427649,E0272,Staff,EM0014
E0345,Vũ Thanh Linh,1983-03-06,Nữ,0792745238,2016-12-19,11150095,E0424,Cashier,CS0024
E0346,Đinh Thùy Nga,1990-06-04,Nữ,0710672752,2016-08-28,18512948,E0325,Receptionist,RC0014
E0347,Cao Thu Châu,1988-04-04,Nữ,0851702814,2020-04-25,15724986,E0306,Receptionist,RC0015
E0348,Dương Đình Hoàng,1993-01-06,Nam,0709398343,2021-12-04,13394215,E0348,Manager,MN0007
E0349,Đào Tuấn Bình,1999-02-25,Nam,0859980562,2024-07-11,20947092,E0372,Receptionist,RC0016
E0350,Đỗ Ánh Anh,1992-04-27,Nữ,0881376742,2019-03-08,6409055,E0272,Staff,EM0015
E0351,Phan Phương Trúc,1981-04-05,Nữ,0951961064,2024-05-15,8888297,E0424,Staff,EM0016
E0352,Huỳnh Tuấn Quang,1999-12-07,Nam,0970494787,2020-03-07,10594509,E0285,Staff,EM0017
E0353,Trịnh Hùng Long,1975-02-10,Nam,0762730147,2016-09-22,14813978,E0272,Cashier,CS0025
E0354,Hà Kim Trúc,2001-01-24,Nữ,0358904290,2020-05-22,24977534,E0348,Receptionist,RC0017
E0355,Huỳnh Ngọc Quỳnh,1995-09-06,Nữ,0765044818,2024-11-06,10546538,E0323,Cashier,CS0026
E0356,Bùi Ngọc Tùng,1979-03-29,Nam,0751895202,2021-09-18,11608150,E0467,Cashier,CS0027
E0357,Phạm Bích Yến,1996-10-01,Nữ,0933898881,2019-08-15,17419012,E0424,Admin,AD0019
E0358,Lý Ánh Anh,1978-06-05,Nữ,0727985240,2016-04-22,10403420,E0327,Staff,EM0018
E0359,Đặng Quang Quân,1980-10-09,Nam,0516110760,2024-08-10,10776786,E0285,Receptionist,RC0018
E0360,Trần Hùng Long,1976-06-21,Nam,0701401193,2023-11-23,23229502,E0306,Cashier,CS0028
E0361,Hà Thanh Hậu,1990-10-08,Nam,0752893891,2015-04-30,9046048,E0424,Cashier,CS0029
E0362,Huỳnh Thành Hùng,1998-09-21,Nam,0338759271,2017-06-07,12427268,E0272,Receptionist,RC0019
E0363,Vũ Tuyết Hạnh,1992-01-11,Nữ,0717182754,2019-10-04,13189842,E0467,Cashier,CS0030
E0364,Đặng Quốc Nghĩa,1989-09-19,Nam,0773864631,2020-07-15,9883006,E0348,Receptionist,RC0020
E0365,Hồ Như Loan,1983-01-16,Nữ,0312669121,2015-02-22,22496981,E0372,Staff,EM0019
E0366,Vũ Trung Lộc,1990-03-11,Nam,0799465796,2017-03-31,19565688,E0372,Admin,AD0020
E0367,Phạm Kim Giang,1981-08-11,Nữ,0832010170,2023-08-12,21255010,E0372,Staff,EM0020
E0368,Đặng Xuân Xuân,2002-02-13,Nữ,0318773477,2022-08-14,16970819,E0424,Cashier,CS0031
E0369,Ngô Thanh Vân,1999-04-01,Nữ,0856770028,2021-02-16,6592919,E0327,Admin,AD0021
E0370,Lương Tuấn Lộc,1997-01-17,Nam,0397889778,2019-10-31,10512676,E0272,Admin,AD0022
E0371,Hồ Tấn Vinh,1992-07-22,Nam,0750090255,2017-12-14,22599079,E0306,Cashier,CS0032
E0372,Phạm Trung Vinh,2003-01-16,Nam,0765033349,2018-10-29,18769923,E0372,Manager,MN0008
E0373,Nguyễn Thành Hưng,1988-09-04,Nam,0376986407,2016-04-13,17327783,E0424,Receptionist,RC0021
E0374,Lâm Thanh Giang,1991-12-11,Nữ,0335785294,2021-05-25,19096321,E0323,Receptionist,RC0022
E0375,Phan Phương Như,1984-01-19,Nữ,0349639191,2020-07-28,8527359,E0467,Admin,AD0023
E0376,Ngô Bích Thúy,1978-01-07,Nữ,0348468536,2021-05-09,23819539,E0325,Admin,AD0024
E0377,Huỳnh Thị Loan,2003-01-13,Nữ,0597374896,2020-10-11,21207828,E0467,Staff,EM0021
E0378,Hoàng Bảo Phú,1991-05-05,Nam,0851364424,2020-03-09,10957455,E0285,Receptionist,RC0023
E0379,Nguyễn Mỹ Anh,1985-09-12,Nữ,0878660324,2016-04-10,11031898,E0285,Cashier,CS0033
E0380,Huỳnh Hữu Lộc,1986-08-04,Nam,0301594165,2023-11-09,15320481,E0467,Cashier,CS0034
E0381,Tạ Yến Hạnh,1981-04-21,Nữ,0998471391,2017-08-24,9755826,E0306,Receptionist,RC0024
E0382,Quách Tuyết Oanh,2001-03-18,Nữ,0512347649,2023-04-08,19084573,E0285,Admin,AD0025
E0383,Đinh Tuyết Trúc,1998-12-06,Nữ,0542575409,2019-03-15,9790353,E0323,Receptionist,RC0025
E0384,Đặng Đình Long,1985-10-01,Nam,0937606441,2017-11-02,24546470,E0348,Receptionist,RC0026
E0385,Trịnh Thúy Uyên,1984-06-08,Nữ,0341776561,2024-08-21,11376333,E0325,Cashier,CS0035
E0386,Mai Lan Trinh,1997-09-17,Nữ,0800272063,2015-09-29,17806339,E0348,Cashier,CS0036
E0387,Vũ Yến Mai,2000-10-30,Nữ,0965772429,2015-12-03,9718777,E0424,Admin,AD0026
E0388,Huỳnh Hồng Vân,1983-11-29,Nữ,0930089317,2015-12-12,19908192,E0323,Admin,AD0027
E0389,Ngô Xuân Như,1982-07-27,Nữ,0515291086,2015-07-23,19456498,E0306,Cashier,CS0037
E0390,Hà Kim Dung,1980-04-25,Nữ,0862639343,2017-07-08,12816427,E0285,Staff,EM0022
E0391,Đặng Thanh Kiên,1993-04-29,Nam,0973597107,2023-11-20,10897029,E0327,Staff,EM0023
E0392,Lương Tuyết Kiều,1992-10-31,Nữ,0711800537,2022-09-14,13120843,E0348,Cashier,CS0038
E0393,Hồ Bảo Hiếu,1975-03-29,Nam,0728092428,2017-11-04,22929620,E0306,Admin,AD0028
E0394,Lương Yến Tâm,1995-12-31,Nữ,0541502745,2016-06-24,9008087,E0323,Staff,EM0024
E0395,Bùi Tuyết Phương,1986-10-22,Nữ,0772870320,2021-11-15,14850247,E0467,Staff,EM0025
E0396,Lương Quốc Phú,1976-08-10,Nam,0370758777,2020-04-10,14731667,E0424,Cashier,CS0039
E0397,Hà Bảo Khoa,1980-07-18,Nam,0584993908,2018-12-02,9139952,E0285,Receptionist,RC0027
E0398,Tăng Thúy Hương,1978-06-12,Nữ,0716591520,2017-10-05,22713824,E0372,Cashier,CS0040
E0399,Cao Thị Nhung,1996-07-10,Nữ,0397592304,2020-02-03,15036827,E0306,Receptionist,RC0028
E0400,Hồ Thanh Khoa,1978-03-04,Nam,0561032664,2021-02-19,18797356,E0372,Admin,AD0029
E0401,Tăng Tấn Đức,1988-05-23,Nam,0715837767,2020-07-03,20507541,E0272,Cashier,CS0041
E0402,Mai Thùy Tâm,1979-01-18,Nữ,0810857327,2023-06-26,20177967,E0323,Admin,AD0030
E0403,Đặng Thu Mai,1996-01-02,Nữ,0738649081,2019-11-27,8656944,E0325,Receptionist,RC0029
E0404,Dương Phúc Trung,1997-11-27,Nam,0749180172,2019-10-07,19858631,E0372,Receptionist,RC0030
E0405,Bùi Mai Diệu,1977-01-11,Nữ,0894523219,2015-12-08,19967084,E0272,Cashier,CS0042
E0406,Hồ Công Hùng,1994-06-17,Nam,0577697499,2020-12-28,6601135,E0327,Admin,AD0031
E0407,Nguyễn Bích Hạnh,1988-07-29,Nữ,0330372368,2015-12-25,10197306,E0424,Admin,AD0032
E0408,Lý Trung Dũng,1988-07-01,Nam,0322777079,2023-08-19,21549981,E0424,Cashier,CS0043
E0409,Bùi Văn Nam,1988-03-23,Nam,0867998407,2021-05-21,19144391,E0327,Cashier,CS0044
E0410,Lương Ngọc Loan,1998-01-10,Nữ,0369581467,2021-08-17,22371257,E0285,Staff,EM0026
E0411,Lương Tuyết Hương,2002-12-07,Nữ,0543757383,2022-03-31,17635472,E0325,Receptionist,RC0031
E0412,Ngô Ánh Trúc,1980-11-18,Nữ,0593417223,2024-11-26,15844670,E0348,Admin,AD0033
E0413,Đặng Mỹ Oanh,1979-07-12,Nữ,0900545228,2023-11-25,19958118,E0325,Cashier,CS0045
E0414,Vũ Công Vũ,1990-02-24,Nam,0574550842,2019-10-30,9824174,E0306,Receptionist,RC0032
E0415,Phạm Tấn Trí,1994-08-22,Nam,0380812135,2023-12-17,21338926,E0372,Receptionist,RC0033
E0416,Tạ Thanh Yến,1994-10-21,Nữ,0752137603,2023-07-19,22975073,E0325,Cashier,CS0046
E0417,Võ Ánh Uyên,1987-11-12,Nữ,0732863266,2020-08-30,11746592,E0372,Staff,EM0027
E0418,Dương Thu Lan,1998-02-25,Nữ,0911556260,2023-11-29,18139133,E0327,Staff,EM0028
E0419,Đặng Trung Hiếu,2003-10-10,Nam,0945504892,2016-09-10,7939775,E0467,Staff,EM0029
E0420,Thái Xuân Thy,2003-11-19,Nữ,0763410856,2017-04-20,24267881,E0306,Staff,EM0030
E0421,Đặng Yến Nhung,1984-08-02,Nữ,0500894346,2016-01-16,23168850,E0467,Cashier,CS0047
E0422,Phạm Hữu Long,1991-09-24,Nam,0849075399,2017-11-29,23028853,E0323,Receptionist,RC0034
E0423,Đào Mỹ Trang,1988-06-03,Nữ,0789357126,2018-03-11,10696663,E0348,Cashier,CS0048
E0424,Ngô Thu Trúc,1978-09-04,Nữ,0571586988,2016-01-13,8086873,E0424,Manager,MN0009
E0425,Lương Diệu Uyên,2001-03-18,Nữ,0528277288,2020-08-05,20207691,E0325,Staff,EM0031
E0426,Đinh Đình Long,1995-06-06,Nam,0961159408,2020-04-22,7094122,E0424,Receptionist,RC0035
E0427,Đặng Hùng Dũng,1991-08-31,Nam,0529604432,2018-06-02,18564784,E0272,Cashier,CS0049
E0428,Hà Hữu Cường,1980-06-27,Nam,0894975679,2021-02-20,17698717,E0372,Staff,EM0032
E0429,Cao Quốc Thắng,1997-08-23,Nam,0719966365,2022-02-19,21466451,E0325,Cashier,CS0050
E0430,Lương Thị Châu,1987-06-11,Nữ,0781813989,2022-03-30,8970570,E0424,Receptionist,RC0036
E0431,Cao Thành Khoa,1996-05-06,Nam,0343397189,2020-08-20,6626262,E0372,Receptionist,RC0037
E0432,Bùi Tuyết Thủy,2001-06-01,Nữ,0808564111,2015-07-04,22491098,E0327,Admin,AD0034
E0433,Hoàng Phương Uyên,1981-06-17,Nữ,0509520046,2017-01-18,14574986,E0372,Cashier,CS0051
E0434,Hồ Thanh Hà,1981-05-23,Nữ,0539937886,2019-08-18,16878943,E0272,Receptionist,RC0038
E0435,Ngô Hoàng Trúc,1977-09-20,Nữ,0363048913,2018-07-27,21596889,E0467,Receptionist,RC0039
E0436,Hà Yến Oanh,2000-06-28,Nữ,0558238687,2019-07-25,20964681,E0372,Cashier,CS0052
E0437,Nguyễn Hữu Tài,1995-11-04,Nam,0794653984,2024-04-20,15705601,E0424,Receptionist,RC0040
E0438,Lê Tuấn Long,1998-12-16,Nam,0584639855,2021-04-25,8346636,E0272,Receptionist,RC0041
E0439,Phan Như Kiều,1987-04-01,Nữ,0702097002,2017-10-04,16792388,E0323,Admin,AD0035
E0440,Đinh Thị Thy,1992-08-14,Nữ,0356956201,2021-01-13,8722901,E0372,Staff,EM0033
E0441,Tạ Thị Quỳnh,1983-08-28,Nữ,0731943375,2019-12-26,6314180,E0285,Staff,EM0034
E0442,Phan Hồng Hạnh,1997-02-08,Nữ,0798728399,2022-11-23,13015772,E0327,Receptionist,RC0042
E0443,Võ Phúc Hải,2001-05-20,Nam,0943089487,2016-06-09,8182693,E0424,Cashier,CS0053
E0444,Ngô Tuyết Quỳnh,2003-10-02,Nữ,0387758030,2022-07-20,7740226,E0323,Receptionist,RC0043
E0445,Hồ Bích Nhung,1998-11-19,Nữ,0390361332,2020-01-13,16611319,E0327,Admin,AD0036
E0446,Lý Tuyết Hương,1977-10-26,Nữ,0954317350,2022-01-08,9245589,E0327,Admin,AD0037
E0447,Trịnh Quốc Hậu,1978-04-09,Nam,0310065120,2023-09-13,20714607,E0372,Admin,AD0038
E0448,Phạm Hữu Vũ,1988-07-10,Nam,0346619639,2021-11-06,20490112,E0372,Staff,EM0035
E0449,Mai Thanh Nhung,1992-03-22,Nữ,0378593110,2020-03-16,20364844,E0306,Receptionist,RC0044
E0450,Đỗ Trung Tài,2000-09-17,Nam,0972320024,2016-05-31,23075783,E0272,Receptionist,RC0045
E0451,Hoàng Diệu Anh,1988-12-16,Nữ,0954508920,2021-07-18,24157769,E0424,Staff,EM0036
E0452,Trịnh Hoàng Minh,1993-12-07,Nam,0737795995,2018-11-09,12556775,E0285,Cashier,CS0054
E0453,Tăng Ngọc Giang,1989-09-28,Nữ,0503379337,2016-10-26,9518111,E0325,Admin,AD0039
E0454,Đỗ Thị Thảo,1984-03-17,Nữ,0708124739,2019-06-28,12182219,E0327,Admin,AD0040
E0455,Huỳnh Xuân Trung,1976-05-01,Nam,0558323024,2017-03-26,12637905,E0272,Admin,AD0041
E0456,Quách Hoàng Tùng,1981-02-26,Nam,0835528961,2019-04-02,9723502,E0323,Receptionist,RC0046
E0457,Đinh Tuấn Sơn,1980-11-12,Nam,0796309938,2023-11-30,12363300,E0285,Receptionist,RC0047
E0458,Hà Quang Phát,1989-09-12,Nam,0973179128,2017-10-09,7787074,E0272,Admin,AD0042
E0459,Bùi Ánh Loan,1997-05-13,Nữ,0877496903,2020-10-26,21578224,E0424,Staff,EM0037
E0460,Phan Bảo Phú,1995-04-12,Nam,0892548121,2024-09-05,13864641,E0348,Cashier,CS0055
E0461,Trần Như Hằng,1998-04-10,Nữ,0956776657,2018-12-11,13723477,E0306,Admin,AD0043
E0462,Vũ Kim Thảo,1992-02-25,Nữ,0714888143,2015-04-12,12025226,E0325,Admin,AD0044
E0463,Phan Ngọc Bình,1978-03-14,Nam,0744439284,2019-01-15,7284510,E0467,Receptionist,RC0048
E0464,Hồ Mai Lan,1987-08-23,Nữ,0882633373,2024-03-22,17631051,E0348,Receptionist,RC0049
E0465,Hà Bích Tâm,1990-04-13,Nữ,0837780529,2023-11-18,8881515,E0323,Staff,EM0038
E0466,Vũ Tuyết Tâm,1975-06-08,Nữ,0884590902,2020-08-09,17900496,E0323,Cashier,CS0056
E0467,Hồ Hoàng Hiếu,1989-10-24,Nam,0386371597,2021-05-16,19115953,E0467,Manager,MN0010
E0468,Trần Tấn Lộc,1982-09-09,Nam,0323164334,2016-03-03,24552472,E0424,Admin,AD0045
E0469,Huỳnh Thúy Uyên,1977-07-30,Nữ,0821286716,2019-02-18,23399036,E0327,Receptionist,RC0050
E0470,Huỳnh Tấn Toàn,1984-03-23,Nam,0793874302,2018-06-22,20502248,E0325,Cashier,CS0057
E0471,Bùi Phúc Lộc,1992-11-28,Nam,0879014754,2021-10-13,14282580,E0467,Staff,EM0039
E0472,Tạ Trung Khôi,1993-08-14,Nam,0829160324,2017-10-17,12025641,E0306,Staff,EM0040
E0473,Phạm Đình Minh,1984-09-29,Nam,0385672438,2020-07-14,19800204,E0467,Admin,AD0046
E0474,Bùi Hồng Hoa,1976-03-13,Nữ,0800412577,2015-10-27,21498925,E0348,Receptionist,RC0051
E0475,Hoàng Hùng Thành,1978-09-14,Nam,0520912418,2021-02-24,14130024,E0325,Staff,EM0041
E0476,Hoàng Quốc Vinh,1978-06-25,Nam,0530837081,2022-07-13,6376165,E0272,Staff,EM0042
E0477,Tôn Hồng Hoa,1994-12-01,Nữ,0553310600,2015-08-03,6156556,E0327,Staff,EM0043
E0478,Tạ Minh Tuấn,1977-11-01,Nam,0881558393,2017-06-22,9241465,E0424,Admin,AD0047
E0479,Đỗ Thúy Thủy,1980-06-02,Nữ,0365063731,2017-08-09,13173266,E0372,Staff,EM0044
E0480,Đặng Xuân Giang,1976-12-20,Nữ,0389241956,2015-10-03,13333685,E0348,Admin,AD0048
E0481,Lê Thúy Hương,1982-11-12,Nữ,0997683890,2022-02-15,16669201,E0325,Cashier,CS0058
E0482,Vũ Trung Kiên,2002-08-25,Nam,0910257432,2023-07-06,10162634,E0272,Cashier,CS0059
E0483,Dương Ngọc Đức,2003-10-20,Nam,0750864035,2015-06-05,13988101,E0306,Staff,EM0045
E0484,Thái Xuân Nghĩa,1984-03-26,Nam,0885270171,2021-01-18,7814421,E0285,Admin,AD0049
E0485,Lê Minh Hậu,2003-06-16,Nam,0933816742,2016-08-02,12852486,E0424,Cashier,CS0060
E0486,Đặng Phúc Nhật,1994-01-08,Nam,0547156627,2016-12-23,14354027,E0272,Cashier,CS0061
E0487,Châu Diệu Hương,1997-08-31,Nữ,0861498282,2021-11-01,20543513,E0424,Staff,EM0046
E0488,Hồ Lan Kiều,1995-10-19,Nữ,0815273230,2018-06-06,21220394,E0272,Admin,AD0050
E0489,Tạ Ánh Vân,1997-01-16,Nữ,0849160169,2019-07-16,19952609,E0348,Receptionist,RC0052
E0490,Lương Hùng Sơn,1994-07-28,Nam,0366337050,2017-11-11,17696359,E0467,Cashier,CS0062
E0491,Vũ Xuân Duyên,2002-02-27,Nữ,0501166918,2020-02-09,10944829,E0272,Cashier,CS0063
E0492,Lương Phương Hằng,1982-06-09,Nữ,0969461195,2024-04-21,20323429,E0272,Cashier,CS0064
E0493,Nguyễn Thùy Giang,1984-05-25,Nữ,0311686462,2023-05-23,19353664,E0272,Cashier,CS0065
E0494,Lý Thùy Hằng,1983-05-12,Nữ,0379323023,2022-11-23,10507436,E0285,Cashier,CS0066
E0495,Lê Phương Ngọc,1994-10-08,Nữ,0814150937,2022-01-11,9663991,E0424,Admin,AD0051
E0496,Cao Phúc Tuấn,1975-06-05,Nam,0338069847,2015-09-08,14928188,E0327,Staff,EM0047
E0497,Cao Thúy Trinh,2002-02-10,Nữ,0556690551,2019-10-26,17292750,E0323,Staff,EM0048
E0498,Mai Thanh Loan,1993-01-09,Nữ,0735797863,2023-02-18,10659470,E0327,Receptionist,RC0053
E0499,Thái Thúy Thy,1975-09-30,Nữ,0597691567,2022-02-08,18086494,E0327,Receptionist,RC0054
E0500,Hà Yến Châu,1988-03-07,Nữ,0902714872,2021-10-22,12545696,E0424,Receptionist,RC0055
