BranchID,EmployeeID,StartDate,EndDate
B005,E0424,2020-04-04,2021-02-11
B003,E0407,2020-07-12,2020-12-16
B008,E0262,2023-12-20,2024-06-02
B005,E0258,2023-02-10,2023-05-18
B007,E0229,2021-04-01,2021-06-06
B007,E0389,2022-09-28,2023-02-07
B005,E0093,2020-09-19,2021-01-07
B006,E0127,2021-12-02,2022-08-20
B006,E0206,2023-01-09,2023-11-20
B004,E0049,2022-02-12,2022-05-27
B003,E0267,2020-02-24,2020-06-11
B009,E0345,2021-11-11,2022-03-12
B005,E0133,2020-09-19,2021-05-08
B001,E0170,2023-06-12,2023-08-20
B001,E0057,2021-07-28,2021-12-30
B009,E0167,2021-09-18,2022-06-15
B003,E0346,2021-04-16,2021-12-18
B005,E0229,2021-10-03,2022-09-08
B007,E0318,2020-10-11,2021-01-19
B008,E0406,2020-11-10,2021-01-21
B005,E0267,2021-11-04,2022-02-21
B004,E0313,2021-05-17,2021-10-18
B010,E0033,2021-01-09,2021-12-05
B009,E0362,2020-09-10,2021-07-05
B006,E0083,2022-08-11,2023-02-10
B008,E0498,2021-07-08,2022-05-03
B002,E0313,2022-05-16,2022-12-26
B003,E0085,2023-06-28,2023-09-26
B002,E0167,2022-07-21,2022-08-27
B010,E0151,2023-07-28,2023-11-20
B006,E0377,2023-02-03,2023-12-15
B006,E0111,2021-02-27,2021-09-22
B008,E0067,2023-08-30,2023-10-06
B003,E0362,2020-03-14,2021-02-23
B006,E0288,2020-05-16,2021-02-02
B010,E0500,2023-05-20,2024-05-13
B007,E0365,2023-08-29,2024-08-07
B004,E0288,2021-10-24,2022-04-25
B005,E0220,2023-04-30,2023-07-26
B008,E0142,2020-06-27,2020-08-26
B002,E0370,2023-04-27,2024-01-10
B002,E0309,2022-04-30,2023-02-05
B003,E0295,2022-01-16,2022-08-26
B006,E0321,2021-12-21,2022-06-12
B001,E0154,2023-07-26,2023-12-29
B005,E0005,2022-01-15,2022-10-14
B002,E0498,2020-08-29,2020-11-05
B007,E0432,2022-10-23,2022-12-14
B007,E0304,2022-06-24,2023-04-01
B001,E0221,2020-08-04,2021-02-25
B006,E0394,2023-11-01,2024-07-28
B008,E0189,2022-11-17,2023-09-25
B004,E0423,2022-07-23,2022-12-03
B003,E0154,2020-09-24,2021-06-26
B004,E0298,2020-09-21,2021-05-16
B004,E0384,2023-05-27,2023-09-02
B010,E0120,2023-12-16,2024-06-09
B008,E0368,2022-02-22,2022-04-11
B010,E0015,2022-04-21,2023-01-21
B002,E0450,2020-04-05,2020-08-20
B005,E0473,2023-05-17,2023-07-24
B004,E0464,2023-05-03,2024-01-09
B006,E0360,2023-06-19,2023-08-17
B010,E0285,2023-02-28,2023-10-27
B005,E0061,2022-02-26,2022-11-10
B008,E0098,2023-03-12,2023-08-19
B002,E0170,2023-07-22,2024-07-05
B004,E0272,2022-11-25,2023-09-21
B004,E0068,2021-05-13,2021-06-18
B009,E0102,2021-04-05,2021-10-02
B006,E0221,2020-05-12,2021-04-07
B008,E0086,2020-06-02,2020-08-04
B003,E0238,2021-01-08,2021-02-20
B007,E0214,2021-01-26,2021-06-28
B009,E0461,2020-07-13,2021-07-06
B006,E0023,2020-10-05,2021-01-04
B010,E0329,2021-09-10,2022-05-30
B006,E0158,2023-08-24,2024-03-08
B003,E0029,2020-02-23,2021-02-21
B003,E0317,2020-03-30,2020-10-15
B004,E0385,2021-02-02,2021-06-16
B005,E0496,2021-03-22,2021-10-21
B001,E0116,2020-09-15,2021-01-27
B004,E0060,2021-03-20,2021-08-10
B005,E0041,2021-11-09,2022-06-24
B007,E0395,2021-07-19,2022-02-02
B001,E0052,2022-01-13,2022-12-07
B008,E0322,2022-10-17,2023-08-03
B004,E0139,2020-12-20,2021-08-04
B008,E0283,2023-02-08,2023-07-12
B001,E0328,2023-11-06,2024-10-03
B010,E0109,2021-06-20,2022-01-15
B010,E0048,2020-08-29,2021-07-11
B002,E0151,2020-01-18,2020-03-15
B005,E0465,2022-08-26,2022-10-31
B009,E0190,2020-01-23,2020-11-05
B009,E0357,2022-09-19,2023-05-30
B004,E0456,2022-10-14,2023-08-11
B008,E0124,2023-05-12,2023-09-14
B001,E0058,2021-12-25,2022-08-23
B006,E0213,2022-05-09,2023-03-20
B007,E0266,2020-06-29,2021-05-31
B007,E0148,2020-08-07,2020-12-21
B009,E0339,2020-06-14,2020-11-15
B001,E0180,2021-09-09,2021-12-05
B002,E0389,2020-09-12,2020-12-08
B001,E0318,2023-08-13,2024-03-17
B010,E0252,2020-04-30,2021-04-08
B005,E0251,2020-04-03,2020-09-25
B005,E0281,2022-11-10,2023-05-19
B006,E0470,2022-10-29,2022-12-16
B006,E0323,2021-12-07,2022-06-24
B003,E0222,2023-08-30,2023-12-18
B010,E0213,2022-07-21,2023-02-04
B008,E0332,2020-06-08,2021-05-05
B007,E0420,2022-04-18,2023-03-10
B008,E0031,2023-06-07,2023-07-22
B004,E0461,2022-01-23,2022-10-23
B005,E0207,2020-08-12,2021-03-13
B008,E0151,2021-03-03,2022-01-16
B001,E0450,2021-06-11,2022-06-05
B001,E0330,2020-09-25,2020-11-30
B010,E0415,2021-07-03,2022-05-25
B003,E0275,2020-06-25,2021-04-28
B004,E0362,2020-07-21,2020-10-10
B007,E0407,2020-10-17,2021-04-10
B003,E0183,2021-12-25,2022-05-10
B005,E0477,2022-10-27,2023-05-16
B003,E0404,2020-07-26,2021-01-16
B009,E0470,2023-01-11,2023-05-12
B009,E0313,2020-11-11,2021-10-31
B010,E0177,2020-01-08,2020-10-19
B001,E0302,2023-09-03,2024-03-31
B010,E0475,2023-06-03,2023-07-17
B008,E0160,2020-02-04,2020-10-10
B009,E0343,2021-09-02,2022-05-10
B009,E0134,2020-06-21,2020-07-26
B004,E0194,2022-04-28,2023-03-08
B005,E0310,2020-02-08,2021-01-09
B009,E0416,2021-07-16,2021-10-06
B001,E0368,2022-05-27,2023-04-19
B002,E0041,2022-08-12,2023-05-27
B010,E0407,2020-07-17,2021-05-23
B001,E0379,2021-01-22,2021-05-17
B001,E0126,2023-11-09,2024-11-03
B002,E0240,2022-05-11,2023-04-21
B003,E0196,2020-01-07,2020-11-13
B005,E0260,2021-09-12,2022-09-09
B002,E0376,2023-06-07,2024-04-15
B010,E0388,2021-07-31,2022-01-15
B008,E0154,2023-11-10,2024-04-16
B008,E0402,2021-09-27,2022-04-06
B003,E0066,2020-02-01,2020-12-07
B010,E0458,2021-05-14,2022-02-27
B005,E0324,2022-03-07,2022-07-31
B003,E0040,2023-11-05,2024-02-04
B006,E0306,2021-10-11,2021-11-17
B005,E0159,2021-05-10,2021-10-31
B009,E0320,2020-12-14,2021-11-04
B009,E0159,2022-12-03,2023-04-11
B006,E0165,2022-10-02,2023-02-06
B005,E0039,2020-09-28,2021-05-02
B001,E0311,2023-09-14,2024-05-09
B003,E0402,2023-07-28,2023-10-21
B009,E0164,2020-01-06,2020-06-29
B003,E0123,2020-06-04,2020-10-02
B003,E0353,2021-03-15,2021-05-24
B008,E0020,2020-09-02,2021-05-09
B006,E0482,2023-05-18,2023-06-22
B008,E0288,2022-03-18,2022-07-27
B005,E0050,2020-12-14,2021-10-24
B007,E0488,2020-04-04,2020-09-11
B008,E0299,2023-06-07,2024-01-05
B004,E0345,2021-10-06,2022-01-06
B001,E0087,2022-12-26,2023-10-24
B010,E0185,2021-02-16,2021-05-17
B006,E0181,2023-03-11,2023-04-13
B003,E0045,2020-04-16,2020-09-17
B003,E0137,2023-09-25,2024-01-26
B002,E0322,2021-12-26,2022-08-16
B003,E0345,2023-03-14,2024-02-07
B007,E0089,2022-11-09,2023-03-19
B006,E0341,2020-09-14,2021-01-21
B003,E0497,2021-06-03,2022-05-02
B009,E0255,2020-01-25,2020-06-27
B006,E0372,2022-07-28,2023-02-08
B008,E0290,2023-05-01,2024-04-17
B002,E0005,2020-09-10,2020-12-16
B010,E0340,2022-07-02,2023-03-10
B009,E0439,2022-05-15,2023-01-20
B004,E0469,2022-01-10,2022-05-12
B007,E0498,2022-08-07,2023-06-07
B008,E0481,2022-12-05,2023-01-14
B009,E0298,2020-02-14,2020-07-17
B006,E0135,2020-09-27,2021-03-11
B009,E0188,2021-01-17,2021-03-28
B001,E0039,2020-11-25,2021-05-15
B008,E0159,2023-04-09,2023-05-26
B007,E0004,2022-12-20,2023-04-05
B009,E0051,2022-05-05,2022-07-03
B007,E0202,2023-05-19,2024-05-03
B001,E0113,2022-03-22,2022-10-15
B002,E0415,2023-07-13,2024-07-06
B006,E0218,2021-01-25,2021-06-16
B005,E0225,2023-02-26,2023-06-19
B004,E0030,2022-11-15,2023-03-20
B005,E0368,2020-12-12,2021-05-08
B010,E0106,2020-12-29,2021-02-06
B010,E0125,2021-03-04,2021-09-08
B006,E0327,2022-12-10,2023-10-10
B003,E0377,2020-05-26,2021-01-27
B001,E0403,2020-11-05,2021-03-01
B003,E0348,2021-07-30,2022-07-12
B002,E0181,2020-05-16,2020-12-17
B001,E0287,2022-04-27,2023-04-03
B005,E0471,2021-04-01,2021-10-10
B002,E0342,2022-06-08,2022-08-23
B002,E0219,2020-03-30,2020-12-26
B001,E0231,2023-01-26,2023-07-24
B010,E0273,2023-06-13,2024-05-15
B007,E0084,2021-07-20,2022-06-05
B009,E0260,2022-01-14,2022-08-28
B004,E0101,2022-08-27,2023-02-25
B009,E0402,2020-11-11,2021-02-21
B001,E0323,2020-04-27,2020-09-15
B003,E0041,2021-09-15,2022-03-22
B007,E0341,2023-07-02,2024-05-12
B005,E0155,2022-03-22,2022-07-11
B004,E0024,2021-11-23,2022-04-10
B004,E0430,2022-10-19,2023-06-20
B006,E0422,2022-04-12,2022-07-19
B007,E0353,2023-11-09,2024-07-02
B005,E0363,2021-03-19,2021-11-09
B009,E0293,2023-09-16,2024-02-19
B009,E0353,2022-01-18,2022-06-05
B007,E0481,2023-12-15,2024-12-09
B007,E0062,2021-09-22,2022-09-03
B006,E0204,2022-06-11,2023-01-11
B003,E0340,2021-10-06,2022-08-13
B003,E0305,2022-05-21,2022-07-02
B009,E0158,2021-02-07,2021-03-23
B008,E0363,2022-12-13,2023-01-19
B002,E0034,2022-02-27,2023-02-03
B007,E0474,2022-09-12,2023-04-21
B008,E0491,2020-06-28,2021-04-03
B007,E0048,2021-11-19,2022-09-07
B003,E0026,2021-12-29,2022-07-29
B007,E0430,2020-10-16,2021-04-25
B009,E0076,2023-03-03,2024-02-26
B003,E0457,2021-02-21,2021-04-06
B004,E0315,2023-03-07,2024-03-02
B003,E0047,2022-09-17,2022-12-19
B005,E0142,2021-04-18,2022-02-16
B010,E0443,2020-07-20,2020-11-25
B007,E0010,2022-05-08,2022-10-11
B002,E0351,2023-06-07,2023-08-17
B006,E0425,2020-10-15,2020-11-18
B004,E0248,2020-03-16,2021-02-08
B004,E0122,2023-04-17,2023-08-17
B005,E0242,2021-07-11,2021-12-27
B010,E0295,2022-09-14,2022-11-02
B005,E0366,2022-08-24,2023-06-03
B006,E0263,2023-05-17,2023-12-06
B008,E0119,2022-01-11,2022-05-04
B002,E0143,2020-04-01,2020-11-23
B002,E0232,2020-06-14,2021-02-12
B001,E0206,2020-05-18,2021-01-09
B010,E0258,2022-10-26,2023-01-23
B006,E0435,2020-11-17,2021-09-28
B008,E0328,2023-07-12,2024-01-01
B001,E0337,2021-02-26,2021-05-24
B006,E0060,2023-03-09,2023-06-19
B004,E0424,2022-07-21,2023-04-24
B002,E0362,2022-01-22,2022-08-19
B009,E0491,2021-09-12,2022-03-29
B006,E0315,2022-06-25,2022-09-01
B004,E0422,2023-06-09,2023-09-02
B008,E0043,2021-03-08,2021-07-17
B003,E0210,2020-11-16,2021-08-01
B010,E0018,2020-11-17,2021-05-22
B010,E0123,2020-05-22,2020-10-20
B009,E0388,2022-07-03,2022-09-25
B005,E0265,2020-09-12,2021-09-05
B008,E0179,2021-01-29,2021-12-19
B003,E0432,2023-05-09,2024-04-19
B007,E0444,2020-05-04,2021-01-15
B005,E0483,2020-08-03,2021-04-18
B003,E0386,2021-07-21,2022-07-20
B006,E0443,2021-03-17,2021-08-31
B007,E0123,2021-06-24,2022-06-24
B003,E0206,2020-02-12,2021-02-03
B001,E0101,2023-12-04,2024-02-12
B007,E0141,2023-04-06,2023-12-02
B007,E0310,2020-06-08,2020-11-20
B001,E0467,2023-03-20,2023-10-16
B007,E0372,2020-12-05,2021-04-06
B001,E0233,2023-06-30,2023-11-18
B004,E0066,2023-06-06,2024-03-02
B003,E0324,2023-10-01,2024-01-18
B010,E0206,2022-05-16,2022-10-11
B009,E0163,2021-11-05,2022-01-21
B004,E0305,2022-12-28,2023-04-06
B004,E0035,2023-04-28,2023-12-02
B009,E0289,2021-12-13,2022-03-21
B003,E0401,2023-08-17,2024-05-27
B010,E0471,2020-07-26,2021-02-03
B008,E0186,2023-12-16,2024-04-15
B003,E0260,2021-07-11,2022-01-25
B009,E0062,2021-02-10,2021-04-10
B001,E0173,2021-06-26,2022-04-10
B004,E0337,2022-06-05,2022-07-25
B001,E0428,2021-02-18,2021-08-21
B004,E0251,2022-07-28,2023-01-28
B010,E0431,2020-10-20,2021-10-01
B005,E0335,2021-07-23,2021-12-12
B005,E0414,2020-02-20,2020-07-02
B001,E0242,2020-08-16,2021-04-19
B004,E0435,2023-10-18,2024-06-22
B006,E0252,2021-07-15,2022-07-13
B005,E0443,2020-03-02,2020-05-31
B001,E0077,2020-03-25,2020-09-09
B001,E0028,2021-06-30,2021-10-28
B008,E0117,2020-06-19,2021-06-02
B007,E0408,2021-09-23,2022-09-19
B007,E0415,2021-11-22,2022-02-02
B006,E0172,2021-04-13,2022-02-07
B009,E0117,2022-08-02,2023-07-03
B006,E0008,2021-09-11,2021-10-12
B001,E0097,2023-05-27,2024-03-26
B009,E0140,2021-02-14,2021-03-20
B002,E0312,2023-04-28,2023-06-02
B003,E0214,2023-03-25,2024-02-07
B009,E0485,2021-11-27,2022-08-07
B006,E0472,2021-01-25,2021-07-14
B005,E0415,2022-09-15,2023-08-30
B010,E0299,2023-07-29,2024-02-04
B001,E0354,2020-07-03,2020-10-21
B001,E0074,2020-09-02,2021-05-25
B001,E0413,2020-10-05,2021-05-21
B004,E0208,2020-10-03,2020-12-30
B007,E0026,2022-08-01,2023-05-16
B007,E0094,2022-10-26,2023-07-19
B010,E0050,2022-06-12,2022-09-15
B003,E0415,2023-09-05,2024-06-13
B007,E0437,2020-02-05,2020-11-11
B006,E0256,2021-08-07,2022-04-02
B001,E0300,2023-10-28,2024-06-02
B008,E0232,2023-02-17,2023-05-16
B001,E0014,2022-11-30,2023-10-22
B007,E0354,2021-06-03,2021-11-27
B009,E0278,2022-05-23,2022-12-28
B009,E0175,2022-06-03,2022-12-07
B004,E0129,2021-04-20,2021-06-05
B006,E0408,2022-11-13,2023-02-15
B005,E0067,2020-01-27,2021-01-05
B001,E0397,2020-06-19,2021-01-08
B009,E0031,2021-07-28,2022-02-15
B002,E0359,2021-11-05,2022-09-14
B009,E0059,2022-08-03,2023-04-27
B005,E0074,2021-08-03,2022-05-04
B009,E0487,2021-05-05,2021-07-15
B004,E0350,2021-08-07,2022-04-21
B010,E0315,2020-12-21,2021-05-17
B008,E0470,2023-11-25,2024-07-09
B004,E0325,2023-10-03,2024-08-15
B001,E0356,2021-11-22,2022-01-28
B004,E0231,2023-03-05,2023-06-28
B008,E0200,2022-01-15,2022-10-18
B005,E0385,2023-01-26,2023-03-03
B002,E0477,2020-06-27,2020-08-04
B005,E0442,2020-04-19,2020-06-16
B004,E0480,2021-05-15,2021-08-23
B007,E0442,2020-04-17,2020-08-22
B009,E0302,2023-07-11,2024-02-10
B001,E0383,2020-06-06,2020-10-12
B004,E0070,2020-06-02,2020-10-27
B006,E0447,2021-10-01,2022-03-30
B003,E0007,2023-09-04,2024-03-20
B001,E0020,2021-11-25,2022-11-14
B005,E0440,2021-02-09,2021-12-24
B001,E0466,2020-08-09,2021-02-01
B001,E0241,2023-11-29,2024-09-23
B008,E0375,2021-12-28,2022-09-28
B009,E0316,2022-10-17,2023-09-26
B007,E0005,2021-08-09,2022-01-20
B005,E0359,2023-12-20,2024-03-27
B006,E0387,2023-05-30,2024-02-13
B008,E0219,2023-11-14,2024-03-04
B001,E0456,2023-05-24,2023-09-30
B009,E0208,2020-05-08,2020-07-31
B007,E0483,2023-07-23,2023-09-12
B007,E0388,2021-04-27,2022-04-05
B002,E0097,2023-12-08,2024-10-25
B007,E0433,2021-08-16,2021-11-05
B005,E0135,2020-10-08,2020-12-02
B001,E0218,2023-11-03,2024-04-10
B007,E0208,2021-07-14,2021-12-20
B007,E0095,2022-05-09,2023-05-06
B008,E0192,2023-09-07,2024-05-05
B006,E0284,2020-03-26,2020-11-21
B004,E0455,2020-03-27,2020-10-05
B009,E0199,2022-03-02,2022-09-06
B004,E0095,2020-11-20,2021-09-09
B004,E0311,2022-10-02,2023-03-02
B002,E0374,2021-10-04,2022-06-28
B005,E0055,2022-04-11,2022-11-04
B004,E0218,2023-06-02,2023-12-17
B007,E0248,2021-01-25,2021-06-22
B001,E0452,2022-10-26,2023-03-15
B010,E0088,2023-01-16,2023-03-26
B009,E0014,2021-03-20,2022-03-15
B003,E0205,2022-10-12,2023-05-09
B001,E0400,2022-01-28,2022-06-21
B005,E0308,2020-11-24,2021-06-15
B006,E0410,2023-11-17,2024-08-21
B003,E0284,2020-03-01,2020-04-13
B004,E0318,2021-08-08,2022-01-05
B006,E0324,2020-01-03,2020-10-19
B003,E0171,2020-01-26,2020-09-22
B009,E0012,2022-03-13,2023-03-01
B010,E0383,2023-05-15,2023-10-09
B005,E0098,2020-05-23,2020-07-29
B007,E0406,2022-01-31,2022-04-04
B008,E0294,2020-02-05,2020-09-28
B005,E0086,2023-11-20,2024-03-16
B008,E0153,2023-01-05,2023-05-17
B007,E0272,2021-07-04,2021-08-21
B003,E0475,2021-03-12,2021-08-24
B002,E0429,2023-10-18,2024-07-23
B002,E0256,2021-11-18,2021-12-20
B003,E0135,2020-02-03,2020-07-12
B009,E0072,2022-06-10,2022-12-08
B010,E0392,2022-05-12,2023-03-30
B002,E0461,2022-08-01,2022-10-11
B002,E0139,2022-04-05,2022-06-03
B004,E0476,2023-03-29,2023-06-03
B002,E0072,2022-06-27,2022-10-17
B010,E0275,2021-09-02,2022-03-16
B004,E0490,2022-11-17,2022-12-19
B006,E0042,2023-06-13,2024-04-05
B001,E0198,2023-08-27,2024-07-18
B005,E0292,2020-10-22,2021-05-16
B010,E0240,2023-03-21,2023-08-06
B009,E0295,2022-01-17,2022-05-08
B002,E0437,2021-02-05,2021-11-27
B009,E0305,2020-08-18,2021-04-11
B006,E0116,2023-04-23,2023-06-22
B009,E0306,2023-10-13,2024-06-23
B010,E0346,2022-06-11,2023-01-22
B003,E0048,2021-12-13,2022-04-23
B001,E0168,2020-06-02,2021-03-06
B001,E0018,2022-09-04,2023-01-19
B006,E0416,2023-04-19,2023-11-22
B006,E0406,2021-09-03,2022-02-15
B004,E0399,2023-03-22,2023-10-19
B004,E0445,2020-11-23,2021-09-10
B009,E0185,2022-05-16,2022-10-20
B004,E0242,2021-06-30,2021-10-25
B005,E0101,2022-06-21,2022-12-01
B004,E0451,2022-03-08,2022-04-21
B005,E0326,2020-10-08,2021-06-06
B010,E0044,2023-03-02,2024-01-12
B002,E0084,2022-09-27,2023-03-05
B007,E0458,2021-08-10,2022-04-11
B008,E0087,2020-03-06,2020-09-27
B007,E0060,2023-07-18,2024-01-27
B008,E0423,2021-05-19,2021-09-26
B005,E0460,2022-01-21,2022-09-14
B006,E0269,2021-04-10,2022-02-05
B004,E0115,2023-04-30,2023-07-19
B002,E0474,2023-04-09,2023-07-22
B006,E0232,2021-07-09,2022-01-14
B009,E0367,2021-01-05,2021-10-10
B005,E0438,2020-10-31,2021-09-26
B005,E0006,2023-09-16,2024-02-14
B006,E0018,2021-08-04,2022-01-02
B003,E0103,2023-10-14,2024-03-25
B005,E0360,2020-11-16,2021-11-16
B004,E0450,2021-02-25,2021-06-09
B009,E0003,2022-07-03,2022-09-13
B009,E0499,2020-04-11,2020-07-12
B003,E0249,2022-07-06,2022-09-14
B007,E0297,2022-05-22,2022-12-21
B009,E0005,2021-09-04,2022-08-27
B008,E0351,2020-08-13,2020-12-31
B003,E0088,2021-04-30,2021-09-19
B004,E0155,2021-05-21,2021-11-07
B005,E0145,2020-04-23,2020-06-06
B003,E0216,2023-11-03,2024-09-09
B007,E0086,2020-12-18,2021-10-24
B009,E0131,2021-06-04,2022-06-02
B004,E0232,2023-02-19,2023-03-24
B003,E0364,2020-02-15,2020-11-22
B010,E0365,2022-03-29,2022-09-21
B003,E0301,2023-01-15,2023-03-31
B005,E0078,2022-08-09,2023-03-15
B003,E0342,2021-06-22,2021-08-09
B010,E0391,2022-11-24,2023-05-17
B007,E0206,2022-03-07,2023-01-29
B002,E0028,2020-08-27,2021-05-27
B006,E0238,2022-01-16,2022-10-26
B004,E0412,2020-03-21,2020-09-12
B007,E0059,2021-12-04,2022-07-02
B010,E0256,2020-10-16,2020-11-25
B004,E0028,2022-05-31,2022-08-28
B005,E0322,2020-01-11,2020-08-27
B001,E0291,2022-12-02,2023-05-29
B009,E0425,2023-06-07,2023-12-27
B008,E0316,2021-08-27,2022-02-14
B004,E0427,2022-11-26,2023-05-01
B003,E0162,2023-04-15,2024-02-08
B001,E0293,2023-07-02,2024-02-17
B006,E0347,2020-11-07,2021-05-27
B003,E0001,2023-08-21,2024-01-21
B010,E0291,2022-12-29,2023-09-01
B010,E0343,2023-09-10,2024-05-06
B008,E0093,2023-08-26,2023-12-28
B005,E0003,2021-08-10,2022-08-10
B009,E0269,2023-08-24,2023-11-18
B002,E0360,2022-12-17,2023-09-19
B006,E0273,2021-03-26,2021-08-09
B009,E0330,2022-11-23,2023-05-09
B007,E0007,2023-12-11,2024-09-02
B006,E0349,2021-12-29,2022-04-06
B006,E0032,2022-01-17,2022-10-18
B003,E0309,2020-06-04,2021-05-11
B002,E0058,2022-01-31,2022-08-18
B001,E0465,2023-03-16,2023-07-06
B003,E0190,2020-05-31,2020-07-23
B010,E0121,2023-04-24,2024-02-11
B001,E0137,2020-10-13,2021-04-11
B005,E0248,2021-05-17,2022-05-06
B002,E0189,2020-11-18,2021-01-06
B006,E0233,2020-12-13,2021-11-19
B008,E0465,2020-09-18,2021-07-31
B006,E0353,2022-12-28,2023-08-21
B009,E0068,2020-10-26,2020-12-14
B006,E0255,2021-11-11,2021-12-21
B004,E0326,2023-03-29,2023-10-13
B001,E0464,2021-07-27,2021-12-13
B002,E0386,2020-03-17,2020-10-13
B003,E0498,2020-07-23,2021-07-22
B001,E0202,2022-03-04,2022-09-02
B008,E0367,2022-11-20,2023-05-08
B003,E0037,2022-02-14,2022-06-26
B007,E0182,2020-10-20,2021-05-07
B006,E0439,2021-03-11,2022-01-05
B002,E0401,2023-12-10,2024-10-03
B005,E0176,2023-12-21,2024-05-05
B007,E0077,2023-02-16,2023-04-02
B007,E0030,2020-11-28,2021-09-27
B007,E0090,2020-10-23,2021-04-17
B005,E0025,2023-12-19,2024-05-15
B008,E0072,2020-02-22,2020-11-19
B005,E0388,2023-08-25,2024-04-21
B005,E0138,2022-11-14,2023-05-08
B001,E0204,2020-01-09,2020-12-08
B003,E0181,2023-02-20,2023-12-15
B008,E0044,2022-06-05,2022-09-19
B009,E0183,2023-04-11,2023-08-19
B002,E0113,2023-06-30,2023-08-03
B003,E0207,2023-11-17,2024-07-06
B005,E0044,2020-08-12,2021-04-11
B005,E0150,2021-09-22,2021-11-10
B001,E0365,2020-10-19,2021-10-04
B006,E0420,2022-05-25,2023-02-09
B001,E0060,2020-01-01,2020-10-01
B005,E0393,2021-02-15,2021-05-06
B001,E0005,2020-10-07,2021-09-07
B006,E0225,2021-08-04,2022-03-10
B002,E0169,2020-08-12,2021-03-30
B004,E0111,2021-09-17,2022-07-27
B003,E0109,2021-02-03,2021-08-21
B001,E0360,2020-01-08,2020-07-08
B002,E0315,2022-01-11,2022-07-30
B004,E0131,2022-02-16,2022-09-27
B009,E0495,2021-05-16,2021-12-09
B002,E0007,2021-04-16,2021-11-13
B004,E0479,2020-01-28,2020-12-27
B001,E0239,2021-11-02,2022-04-16
B005,E0500,2021-06-20,2022-05-12
B009,E0245,2023-09-26,2024-03-09
B005,E0116,2020-12-14,2021-11-10
B008,E0355,2020-08-26,2021-06-26
B007,E0226,2022-12-24,2023-10-02
B002,E0283,2020-10-25,2021-07-22
B002,E0458,2023-03-21,2023-07-12
B010,E0333,2021-09-29,2022-06-21
B006,E0383,2023-01-15,2023-04-29
B005,E0255,2023-09-18,2024-07-07
B009,E0299,2022-03-25,2023-03-07
B002,E0480,2021-07-12,2022-01-19
B007,E0197,2021-08-27,2022-08-11
B004,E0133,2023-02-04,2023-10-27
B002,E0118,2023-09-22,2024-06-26
B003,E0433,2021-04-23,2022-03-18
B002,E0124,2023-09-29,2024-03-06
B008,E0049,2021-09-22,2022-02-13
B002,E0380,2020-06-22,2020-08-01
B007,E0287,2020-05-29,2021-04-15
B005,E0008,2022-11-11,2023-07-30
B009,E0393,2022-11-04,2023-04-07
B005,E0126,2021-11-25,2022-08-16
B007,E0107,2023-04-08,2024-02-25
B009,E0468,2020-04-30,2020-06-13
B007,E0064,2020-07-02,2021-06-10
B005,E0029,2021-10-30,2022-04-01
B009,E0162,2022-11-04,2023-01-04
B005,E0262,2023-02-03,2023-04-18
B006,E0484,2020-06-29,2021-04-12
B008,E0442,2020-11-24,2021-07-26
B008,E0272,2020-01-31,2020-07-07
B003,E0385,2023-06-20,2024-02-20
B001,E0309,2023-10-05,2024-01-16
B004,E0277,2023-05-01,2023-10-23
B004,E0324,2023-10-07,2024-04-20
B009,E0474,2021-08-05,2021-11-29
B010,E0312,2021-02-13,2021-10-16
B005,E0217,2023-08-09,2023-12-07
B007,E0320,2020-04-14,2020-07-11
B006,E0346,2021-11-15,2022-01-08
B002,E0400,2021-12-20,2022-10-28
B005,E0329,2020-02-27,2020-07-10
B001,E0431,2021-01-18,2022-01-01
B009,E0488,2021-12-17,2022-08-18
B009,E0244,2021-09-15,2022-07-05
B007,E0017,2020-03-11,2021-01-12
B010,E0404,2022-09-20,2023-03-31
B003,E0330,2020-04-12,2020-10-29
B004,E0367,2022-04-01,2022-08-02
B009,E0197,2022-10-14,2023-09-18
B002,E0418,2023-06-15,2024-01-20
B006,E0268,2023-01-02,2023-03-16
B006,E0415,2021-03-03,2021-04-02
B002,E0448,2023-09-20,2023-10-24
B002,E0138,2021-06-16,2021-09-14
B009,E0452,2020-11-29,2021-05-20
B003,E0492,2023-09-24,2024-03-17
B004,E0037,2022-06-17,2022-11-19
B010,E0081,2020-04-04,2020-05-09
B006,E0151,2020-05-05,2020-07-20
B007,E0136,2020-03-10,2020-04-25
B002,E0354,2022-02-15,2022-08-12
B004,E0282,2023-10-22,2024-06-07
B003,E0468,2021-12-23,2022-01-22
B003,E0194,2023-02-28,2023-12-03
B008,E0231,2022-06-10,2023-05-13
B009,E0429,2021-01-11,2021-12-29
B006,E0235,2022-04-28,2022-12-13
B002,E0375,2023-11-01,2024-05-08
B010,E0086,2022-09-26,2023-07-06
B001,E0460,2021-10-24,2022-03-22
B008,E0217,2022-03-30,2022-06-25
B001,E0366,2020-06-21,2020-11-07
B004,E0292,2022-01-22,2022-04-03
B004,E0290,2021-04-10,2022-01-31
B004,E0307,2023-09-03,2023-12-22
B008,E0058,2023-12-23,2024-02-13
B010,E0028,2022-11-28,2023-03-27
B004,E0465,2023-09-03,2023-11-09
B005,E0274,2023-02-15,2023-08-21
B002,E0035,2022-03-20,2022-07-06
B008,E0075,2020-12-22,2021-10-26
B008,E0097,2023-01-20,2023-09-18
B006,E0385,2022-09-20,2023-07-13
B008,E0202,2023-09-14,2024-05-26
B006,E0136,2020-12-27,2021-11-08
B008,E0137,2023-11-25,2024-07-01
B010,E0173,2020-02-11,2020-05-30
B010,E0089,2021-05-02,2022-01-21
B008,E0016,2022-05-09,2022-07-25
B006,E0393,2022-04-03,2022-11-28
B007,E0486,2020-04-30,2020-11-12
B001,E0089,2022-05-10,2023-01-28
B005,E0413,2020-08-14,2021-05-20
B001,E0262,2021-01-31,2021-10-17
B009,E0454,2020-09-16,2021-04-30
B003,E0111,2020-09-25,2021-01-15
B005,E0046,2020-03-21,2020-05-13
B001,E0410,2022-07-20,2023-05-01
B009,E0222,2023-10-13,2024-07-18
B007,E0110,2021-06-12,2022-04-29
B009,E0176,2023-08-08,2023-10-29
B003,E0182,2021-09-10,2021-11-01
B007,E0124,2022-04-13,2022-12-17
B006,E0007,2020-06-04,2021-05-16
B004,E0260,2020-11-26,2021-11-01
B008,E0191,2021-01-16,2021-07-13
B001,E0179,2022-07-12,2023-06-12
B002,E0383,2020-10-04,2020-12-01
B009,E0181,2022-03-19,2022-12-13
B006,E0236,2020-11-02,2020-12-21
B001,E0490,2021-08-04,2022-06-14
B008,E0292,2020-03-25,2020-08-06
B002,E0388,2020-05-20,2021-04-24
B001,E0147,2021-09-08,2022-01-05
B003,E0144,2021-07-18,2022-04-14
B003,E0325,2023-02-17,2023-06-12
B006,E0144,2021-03-08,2021-08-06
B009,E0078,2021-09-18,2021-11-27
B005,E0066,2023-01-09,2023-03-09
B009,E0020,2023-05-04,2023-06-17
B003,E0370,2022-05-13,2022-09-01
B005,E0386,2020-06-09,2020-08-29
B010,E0080,2021-09-07,2022-08-15
B003,E0092,2020-06-10,2021-05-28
B009,E0030,2021-03-25,2021-04-27
B006,E0230,2021-10-18,2022-09-07
B001,E0212,2022-05-04,2022-09-22
B006,E0298,2022-09-09,2023-03-26
B001,E0377,2023-06-02,2024-01-06
B005,E0399,2021-09-28,2021-11-10
B006,E0145,2023-09-13,2024-02-18
B004,E0283,2021-01-22,2021-10-15
B002,E0244,2022-04-19,2022-05-26
B002,E0190,2022-09-20,2023-07-20
B004,E0411,2022-07-20,2022-11-24
B001,E0024,2021-03-16,2022-02-12
B008,E0230,2023-09-16,2023-12-25
B009,E0372,2022-05-06,2022-09-16
B008,E0112,2020-03-07,2020-12-19
B002,E0481,2021-04-24,2022-03-16
B002,E0242,2020-06-24,2021-06-19
B010,E0061,2023-09-11,2024-04-17
B002,E0195,2023-12-01,2024-02-05
B006,E0239,2023-01-22,2023-10-03
B006,E0069,2020-08-16,2021-07-01
B002,E0311,2020-01-16,2020-10-10
B008,E0022,2021-05-25,2022-01-20
B006,E0203,2022-03-26,2022-10-30
B003,E0322,2020-07-01,2020-10-14
B002,E0472,2023-08-22,2023-12-17
B008,E0390,2020-12-06,2021-05-27
B005,E0125,2021-03-25,2021-06-30
B005,E0107,2022-10-09,2022-12-02
B008,E0483,2022-12-03,2023-08-22
B004,E0496,2021-04-28,2022-03-01
B009,E0290,2022-08-22,2023-04-11
B004,E0076,2021-10-27,2022-03-18
B007,E0043,2021-02-04,2021-11-17
B005,E0484,2021-04-06,2021-10-12
B002,E0207,2022-08-24,2022-12-17
B004,E0225,2023-10-29,2024-03-01
B003,E0290,2020-11-05,2021-03-29
B005,E0455,2021-08-14,2021-10-02
B008,E0327,2022-02-12,2022-03-20
B010,E0287,2022-03-03,2022-05-06
B002,E0037,2020-11-30,2021-09-18
B001,E0488,2022-07-21,2022-08-22
B004,E0064,2023-09-12,2024-04-27
B006,E0316,2020-11-01,2021-10-23
B002,E0106,2022-08-03,2023-03-05
B005,E0345,2020-03-02,2020-10-07
B002,E0112,2021-01-02,2021-02-24
B009,E0399,2021-10-28,2022-02-07
B001,E0232,2023-08-08,2023-12-07
B010,E0456,2022-05-17,2023-04-03
B007,E0305,2022-07-08,2022-09-15
B010,E0223,2021-04-24,2022-02-01
B004,E0388,2022-06-21,2023-05-23
B009,E0331,2020-08-28,2021-07-25
B009,E0268,2023-12-12,2024-04-02
B002,E0492,2021-05-29,2022-05-29
B005,E0464,2020-08-08,2021-05-08
B008,E0190,2021-08-07,2022-02-02
B005,E0021,2021-10-07,2022-08-17
B007,E0366,2023-12-14,2024-08-18
B002,E0269,2021-10-12,2022-10-04
B009,E0308,2020-03-06,2020-06-27
B001,E0213,2022-04-23,2022-11-25
B006,E0110,2022-08-14,2022-10-07
B003,E0367,2021-07-04,2021-10-12
B007,E0291,2023-05-23,2024-04-09
B004,E0436,2022-04-15,2022-12-10
B005,E0083,2020-02-17,2020-11-05
B008,E0325,2021-07-08,2022-02-21
B010,E0221,2023-06-06,2023-11-03
B007,E0468,2021-09-06,2022-03-15
B001,E0108,2023-05-18,2024-04-07
B002,E0087,2020-05-24,2020-09-22
B002,E0479,2022-09-29,2023-08-03
B008,E0254,2021-01-12,2021-05-19
B004,E0358,2020-09-22,2021-05-11
B009,E0111,2023-01-25,2023-04-03
B007,E0109,2020-07-11,2021-06-12
B010,E0241,2023-12-17,2024-09-03
B010,E0421,2021-08-27,2022-08-16
B005,E0181,2023-01-26,2023-05-14
B007,E0150,2020-01-08,2020-03-12
B009,E0280,2021-02-15,2021-05-05
B001,E0274,2023-09-04,2023-11-30
B002,E0144,2022-09-14,2023-07-05
B007,E0446,2022-08-01,2022-12-25
B005,E0233,2023-05-20,2023-06-27
B001,E0480,2023-09-23,2024-06-09
B003,E0068,2023-07-03,2023-12-25
B005,E0147,2020-10-16,2021-01-13
B003,E0168,2023-01-03,2023-06-15
B009,E0259,2020-02-05,2020-10-08
B007,E0193,2022-11-30,2023-05-23
B006,E0020,2022-09-22,2023-06-02
B008,E0193,2023-04-04,2023-07-30
B008,E0369,2021-10-02,2022-01-24
B003,E0494,2023-05-13,2023-10-16
B006,E0493,2022-06-24,2022-09-08
B005,E0439,2023-11-30,2024-01-30
B002,E0325,2020-02-11,2020-10-02
B002,E0188,2022-11-29,2023-06-26
B009,E0272,2021-12-24,2022-02-11
B002,E0356,2022-12-19,2023-09-11
B005,E0478,2020-02-23,2021-01-16
B006,E0477,2021-01-13,2021-12-18
B007,E0188,2021-03-19,2021-06-18
B005,E0428,2020-03-24,2020-07-14
B008,E0391,2020-07-26,2021-06-09
B010,E0035,2022-07-15,2023-01-26
B008,E0398,2022-02-07,2023-01-05
B003,E0366,2021-12-09,2022-10-11
B001,E0386,2023-11-02,2024-09-13
B008,E0036,2023-12-23,2024-10-12
B003,E0101,2021-10-25,2022-06-27
B005,E0088,2022-12-29,2023-05-02
B008,E0318,2021-07-06,2021-12-30
B006,E0366,2020-11-29,2021-11-02
B008,E0496,2022-02-03,2022-05-08
B004,E0463,2021-05-09,2022-04-11
B003,E0151,2023-10-31,2024-06-12
B007,E0316,2023-06-17,2023-08-17
B003,E0004,2022-10-28,2023-10-03
B006,E0054,2022-12-14,2023-08-23
B002,E0130,2022-03-28,2023-01-21
B004,E0433,2021-02-06,2021-08-25
B008,E0461,2020-02-11,2020-08-13
B007,E0467,2021-01-22,2021-10-04
B005,E0230,2022-10-28,2022-12-22
B003,E0486,2023-04-04,2023-05-16
B009,E0475,2023-09-18,2024-03-15
B005,E0449,2023-08-26,2024-07-16
B006,E0195,2022-01-18,2022-07-25
B002,E0026,2022-10-01,2023-04-16
B004,E0453,2020-11-16,2021-03-14
B001,E0158,2021-05-21,2022-03-05
B001,E0157,2022-11-20,2023-10-01
B004,E0116,2023-11-15,2024-01-03
B005,E0327,2020-12-02,2021-07-30
B006,E0479,2020-03-12,2021-02-20
B008,E0131,2020-01-26,2020-08-29
B007,E0300,2022-12-05,2023-03-24
B001,E0448,2023-09-18,2024-04-13
B003,E0074,2022-12-11,2023-04-20
B007,E0284,2021-12-13,2022-10-21
B007,E0345,2022-04-24,2022-08-27
B004,E0347,2022-01-14,2022-06-23
B008,E0021,2023-01-14,2023-04-18
B002,E0086,2020-05-04,2020-06-29
B002,E0211,2023-09-13,2024-05-30
B001,E0299,2021-05-17,2022-03-27
B009,E0216,2022-06-09,2023-04-12
B002,E0468,2021-07-24,2022-02-17
B002,E0089,2023-01-25,2023-06-02
B007,E0102,2022-01-24,2022-11-12
B004,E0132,2021-01-25,2021-08-25
B002,E0137,2023-10-26,2024-09-10
B005,E0134,2020-09-02,2021-08-06
B002,E0282,2022-07-03,2022-11-27
B007,E0453,2021-09-28,2022-05-16
B006,E0342,2021-09-12,2022-08-15
B007,E0277,2020-05-08,2021-02-10
B002,E0288,2020-02-21,2021-02-20
B002,E0178,2021-02-04,2021-08-14
B003,E0458,2021-12-25,2022-11-20
B008,E0100,2023-04-17,2023-09-24
B004,E0046,2023-01-01,2023-08-14
B002,E0230,2022-06-26,2023-03-06
B005,E0337,2022-02-10,2022-06-19
B008,E0114,2021-10-14,2022-09-14
B001,E0227,2021-03-31,2022-03-06
B010,E0263,2021-10-18,2021-12-14
B009,E0374,2022-09-16,2022-11-11
B006,E0202,2020-09-05,2021-02-02
B001,E0432,2021-12-24,2022-11-09
B005,E0358,2022-03-12,2022-05-25
B006,E0012,2021-07-08,2022-04-19
B006,E0072,2021-03-16,2022-02-24
B006,E0139,2022-06-27,2023-05-20
B003,E0461,2023-12-24,2024-10-07
B001,E0071,2021-06-25,2022-01-05
B006,E0220,2023-07-03,2024-02-05
B006,E0487,2020-07-26,2020-10-17
B002,E0494,2020-10-01,2021-05-28
B003,E0054,2021-09-15,2022-01-07
B005,E0106,2022-02-20,2022-05-03
B008,E0155,2023-09-26,2023-11-21
B007,E0234,2023-12-17,2024-04-21
B003,E0387,2022-02-12,2022-09-01
B005,E0372,2020-09-14,2021-07-29
B002,E0355,2021-09-19,2022-05-25
B007,E0104,2020-05-06,2021-05-03
B004,E0446,2022-01-09,2022-03-06
B007,E0491,2022-10-07,2023-07-12
B004,E0261,2022-06-17,2022-12-12
B003,E0382,2022-01-29,2022-05-07
B006,E0243,2021-06-15,2021-07-26
B009,E0201,2020-03-13,2020-06-29
B009,E0411,2022-01-16,2022-10-31
B008,E0392,2022-06-21,2022-10-22
B003,E0392,2022-08-15,2022-12-30
B001,E0055,2023-07-02,2023-09-27
B001,E0046,2023-01-13,2023-03-24
B008,E0335,2022-05-28,2023-01-01
B004,E0253,2021-06-23,2022-04-26
B010,E0321,2022-01-26,2022-04-16
B004,E0497,2020-04-16,2021-01-26
B009,E0234,2022-04-29,2022-11-14
B010,E0011,2023-07-23,2024-02-12
B008,E0069,2022-01-22,2022-09-18
B009,E0385,2021-09-22,2021-12-04
B005,E0252,2021-09-01,2022-02-12
B010,E0397,2020-01-02,2020-03-27
B001,E0289,2023-08-20,2024-08-12
B006,E0146,2022-01-05,2022-02-11
B004,E0197,2020-01-15,2020-10-07
B004,E0123,2023-07-09,2023-09-27
B009,E0091,2023-03-13,2024-01-16
B008,E0229,2021-02-25,2021-11-09
B008,E0196,2020-01-29,2020-07-27
B003,E0200,2020-02-10,2020-03-31
B001,E0370,2022-01-22,2023-01-22
B005,E0227,2021-04-04,2021-11-06
B006,E0398,2020-02-29,2020-05-26
B010,E0070,2022-03-20,2022-09-27
B006,E0099,2021-04-21,2022-01-05
B010,E0478,2022-07-08,2022-12-10
B002,E0096,2022-06-05,2022-10-27
B010,E0073,2023-03-01,2023-04-25
B006,E0374,2020-08-17,2021-05-23
B004,E0017,2022-02-23,2023-02-23
B007,E0009,2020-07-08,2020-11-01
B002,E0120,2023-09-01,2024-02-20
B007,E0350,2022-08-22,2023-06-28
B009,E0046,2021-07-05,2022-06-17
B010,E0435,2022-12-16,2023-11-15
B001,E0267,2021-07-22,2022-01-20
B005,E0228,2021-03-10,2021-04-25
B009,E0359,2020-01-17,2020-06-18
B010,E0452,2020-04-20,2020-08-07
B003,E0100,2023-05-29,2024-04-04
B002,E0411,2020-02-12,2020-07-01
B004,E0404,2021-07-06,2021-10-12
B008,E0482,2021-10-30,2022-10-11
B009,E0092,2021-07-24,2022-04-30
B007,E0190,2021-12-03,2022-02-08
B009,E0220,2020-06-15,2021-05-26
B003,E0254,2021-12-09,2022-09-28
B005,E0175,2023-01-19,2023-09-27
B001,E0205,2022-08-09,2022-11-29
B005,E0270,2020-11-09,2021-03-03
B008,E0118,2023-11-19,2024-02-12
B004,E0414,2023-07-02,2024-06-30
B004,E0267,2020-08-04,2021-01-05
B005,E0406,2020-10-29,2021-05-04
B005,E0256,2023-03-02,2024-02-16
B003,E0177,2020-05-15,2021-03-07
B004,E0241,2022-04-16,2022-06-03
B005,E0409,2021-07-11,2022-02-13
B004,E0071,2020-11-25,2021-03-01
B008,E0477,2021-07-18,2022-02-22
B008,E0028,2022-02-12,2022-06-16
B004,E0104,2020-09-25,2021-06-04
B005,E0001,2022-01-20,2022-10-18
B004,E0073,2022-10-13,2023-03-01
B010,E0337,2021-08-04,2022-05-03
B007,E0072,2021-09-11,2022-07-16
B004,E0346,2021-07-21,2021-11-09
B006,E0407,2021-10-28,2021-12-14
B008,E0147,2020-06-16,2021-05-11
B009,E0458,2021-10-12,2022-02-15
B002,E0316,2020-09-07,2020-10-17
B010,E0042,2020-04-17,2020-08-27
B007,E0380,2021-12-10,2022-07-09
B002,E0215,2020-10-04,2021-09-15
B008,E0350,2023-09-13,2023-11-29
B003,E0371,2020-05-26,2021-01-08
B004,E0375,2023-03-10,2023-12-05
B003,E0400,2023-02-02,2024-01-12
B002,E0056,2020-10-05,2020-12-27
B004,E0258,2022-11-07,2023-04-24
B006,E0399,2022-02-24,2022-09-02
B010,E0201,2020-07-20,2021-06-21
B002,E0078,2023-12-07,2024-09-06
B007,E0111,2021-02-08,2021-08-27
B009,E0479,2021-12-20,2022-06-23
B004,E0300,2022-03-13,2022-09-15
B010,E0175,2022-01-21,2022-06-24
B005,E0149,2021-08-07,2022-07-18
B003,E0167,2022-05-27,2022-08-21
B008,E0305,2020-02-17,2020-09-18
B010,E0189,2021-10-13,2022-04-20
B003,E0164,2023-02-10,2023-08-26
B010,E0098,2022-06-04,2022-08-20
B004,E0044,2020-02-02,2020-08-05
B010,E0284,2021-08-22,2022-01-31
B008,E0025,2022-04-19,2022-11-23
B007,E0331,2021-06-12,2021-12-27
B005,E0253,2020-03-10,2021-03-01
B005,E0073,2021-08-28,2022-06-10
B001,E0069,2022-06-10,2022-11-29
B003,E0036,2020-05-29,2021-02-28
B008,E0073,2021-11-04,2022-04-10
B004,E0062,2023-07-28,2023-12-19
B008,E0125,2023-07-04,2024-03-19
B004,E0032,2023-06-16,2023-08-05
B002,E0357,2022-10-24,2023-03-20
B003,E0130,2022-02-05,2022-11-23
B001,E0430,2022-06-13,2022-10-16
B006,E0258,2021-09-25,2022-03-21
B010,E0156,2023-05-09,2024-01-04
B009,E0055,2021-07-12,2022-05-26
B008,E0204,2021-12-14,2022-05-06
B001,E0192,2021-05-02,2022-03-03
B007,E0173,2021-03-13,2022-01-04
B001,E0344,2020-05-23,2020-07-01
B005,E0320,2020-08-05,2021-05-31
B007,E0264,2022-07-30,2023-03-06
B010,E0178,2023-10-14,2024-01-05
B001,E0207,2021-04-30,2021-11-10
B001,E0132,2023-10-16,2024-05-30
B010,E0296,2021-12-30,2022-01-29
B008,E0080,2021-11-29,2022-08-29
B002,E0022,2023-06-23,2023-11-22
B008,E0274,2021-04-30,2021-12-23
B007,E0307,2020-04-16,2021-02-26
B010,E0442,2022-09-30,2023-04-02
B010,E0116,2022-09-22,2023-08-14
B003,E0209,2023-11-10,2024-01-06
B007,E0263,2021-01-07,2021-05-09
B002,E0109,2022-01-31,2022-10-05
B008,E0132,2022-05-14,2023-01-15
B009,E0223,2020-03-24,2020-05-13
B010,E0236,2021-06-02,2022-02-02
B009,E0194,2021-02-02,2021-10-22
B008,E0446,2023-01-30,2024-01-07
B008,E0003,2020-05-02,2020-11-21
B001,E0272,2022-10-22,2023-03-21
B005,E0257,2021-05-21,2021-08-13
B010,E0146,2020-03-30,2020-12-21
B002,E0447,2020-02-04,2020-08-01
B002,E0260,2023-01-17,2023-11-10
B007,E0402,2023-06-02,2024-05-29
B004,E0210,2021-11-23,2022-03-10
B009,E0271,2022-01-09,2022-08-18
B001,E0063,2023-07-25,2024-04-05
B001,E0265,2022-03-08,2022-07-14
B005,E0146,2022-04-14,2023-03-17
B008,E0091,2020-05-25,2020-08-17
B009,E0456,2020-08-11,2021-06-27
B001,E0243,2023-12-16,2024-07-20
B006,E0185,2023-03-01,2024-01-04
B009,E0346,2020-02-16,2020-08-06
B001,E0441,2023-06-17,2023-11-23
B001,E0253,2023-03-20,2023-11-10
B002,E0132,2021-09-16,2021-10-26
B005,E0375,2021-04-18,2021-10-05
B005,E0389,2023-11-18,2024-04-25
B002,E0200,2023-10-10,2024-08-26
B003,E0052,2022-08-26,2023-02-02
B007,E0275,2023-04-11,2024-01-15
B001,E0139,2020-09-29,2021-07-03
B009,E0319,2023-04-11,2023-07-26
B003,E0408,2022-06-18,2022-11-12
B004,E0203,2020-03-01,2020-10-04
B008,E0005,2023-09-13,2024-08-03
B006,E0003,2023-09-14,2024-08-15
B003,E0169,2022-09-17,2022-11-13
B008,E0500,2022-07-31,2023-03-11
B008,E0472,2020-07-14,2021-01-13
B004,E0088,2021-06-02,2021-09-15
B004,E0321,2022-08-03,2023-06-22
B004,E0159,2020-05-04,2021-01-13
B007,E0200,2022-03-05,2022-06-10
B002,E0073,2023-06-10,2024-05-15
B009,E0108,2022-04-15,2022-09-26
B001,E0461,2022-05-23,2022-10-05
B010,E0362,2021-03-29,2022-02-05
B008,E0174,2022-10-21,2023-04-29
B009,E0154,2020-08-01,2021-01-07
B010,E0356,2023-03-22,2023-10-09
B002,E0062,2023-11-14,2024-04-19
B003,E0252,2020-05-31,2020-08-30
B005,E0294,2023-07-15,2023-11-05
B007,E0298,2023-08-07,2023-09-16
B003,E0248,2023-07-21,2023-12-29
B001,E0036,2020-11-11,2021-02-11
B009,E0172,2020-03-20,2020-11-09
B007,E0255,2020-07-06,2021-02-04
B005,E0223,2022-03-31,2022-12-04
B007,E0002,2022-07-01,2022-09-20
B005,E0416,2023-03-11,2024-01-31
B002,E0339,2023-05-03,2023-12-15
B002,E0483,2022-03-11,2022-10-24
B010,E0417,2023-03-22,2024-02-29
B008,E0206,2020-03-21,2020-10-19
B009,E0206,2020-12-25,2021-12-18
B002,E0024,2023-02-04,2024-02-01
B008,E0065,2021-08-07,2022-04-29
B010,E0454,2021-12-23,2022-11-01
B004,E0487,2020-04-30,2020-06-24
B001,E0331,2023-07-09,2024-01-07
B008,E0152,2021-09-17,2022-07-22
B001,E0362,2020-10-21,2020-11-28
B005,E0209,2021-06-09,2022-01-27
B009,E0089,2020-02-03,2020-09-15
B009,E0450,2020-10-20,2021-02-06
B009,E0296,2022-08-11,2022-12-03
B001,E0471,2023-11-10,2024-02-14
B007,E0055,2022-09-17,2022-11-29
B006,E0137,2021-05-21,2022-04-01
B001,E0380,2021-01-12,2021-06-14
B009,E0184,2021-05-07,2022-04-10
B004,E0011,2021-10-31,2022-06-24
B006,E0028,2023-03-12,2023-05-02
B001,E0145,2022-02-27,2022-12-27
B004,E0196,2020-08-06,2021-08-04
B007,E0057,2022-03-09,2022-07-27
B007,E0113,2022-05-29,2022-11-26
B009,E0270,2021-11-01,2022-09-07
B009,E0408,2023-09-12,2024-05-03
B008,E0326,2020-05-26,2021-05-18
B008,E0479,2020-10-14,2021-05-06
B005,E0298,2022-10-03,2023-09-12
B008,E0439,2022-03-05,2022-04-24
B001,E0306,2022-09-22,2023-05-18
B005,E0355,2023-12-06,2024-06-16
B009,E0152,2022-01-16,2022-09-30
B008,E0389,2020-09-21,2021-07-12
B001,E0425,2022-05-13,2023-04-12
B006,E0286,2023-05-28,2024-03-30
B009,E0132,2022-09-05,2023-02-26
B003,E0288,2022-08-25,2023-08-09
B003,E0219,2023-12-24,2024-02-07
B009,E0083,2021-09-07,2022-04-19
B005,E0346,2021-02-07,2021-08-23
B010,E0069,2020-02-28,2020-07-15
B006,E0043,2022-05-17,2023-01-18
B001,E0482,2020-03-18,2020-07-22
B005,E0057,2023-06-19,2024-01-11
B006,E0488,2020-06-01,2020-07-03
B006,E0330,2023-12-21,2024-03-18
B007,E0061,2020-04-06,2021-03-06
B008,E0089,2020-06-27,2021-04-13
B009,E0215,2022-06-29,2022-10-21
B004,E0494,2022-07-29,2023-06-12
B002,E0069,2022-02-19,2022-08-13
B010,E0210,2020-03-12,2020-11-21
B007,E0158,2021-03-03,2021-08-13
B006,E0376,2022-04-15,2022-06-17
B004,E0141,2021-02-03,2021-04-15
B002,E0158,2020-02-14,2020-12-16
B010,E0124,2021-11-16,2022-04-21
B001,E0175,2020-04-06,2020-05-12
B007,E0199,2022-06-06,2023-02-01
B007,E0302,2021-03-23,2021-11-29
B004,E0317,2022-12-19,2023-06-10
B003,E0414,2021-06-15,2021-08-17
B005,E0365,2020-12-30,2021-03-27
B008,E0393,2023-08-23,2024-03-09
B009,E0025,2022-07-14,2022-10-24
B006,E0024,2022-06-24,2023-06-13
B009,E0464,2023-10-07,2024-03-10
B004,E0492,2021-04-24,2022-01-14
B007,E0145,2020-07-23,2021-02-03
B008,E0258,2023-09-29,2024-06-12
B006,E0219,2022-01-17,2022-07-16
B002,E0464,2022-11-15,2023-04-07
B009,E0389,2020-08-09,2021-06-24
B001,E0240,2022-04-03,2022-12-04
B008,E0056,2023-09-11,2024-02-18
B005,E0195,2021-08-30,2022-03-13
B005,E0197,2023-10-04,2024-06-29
B009,E0484,2021-03-10,2021-08-31
B001,E0322,2020-01-16,2020-02-29
B006,E0449,2023-10-28,2024-06-04
B009,E0267,2020-12-05,2021-02-21
B008,E0092,2023-10-25,2024-10-06
B009,E0366,2021-08-26,2022-01-13
B010,E0313,2021-01-27,2021-05-26
B005,E0381,2020-09-21,2021-01-14
B003,E0032,2023-01-02,2023-11-25
B004,E0312,2021-12-17,2022-02-05
B006,E0489,2022-07-19,2022-12-08
B008,E0218,2023-02-19,2024-01-02
B009,E0210,2023-11-05,2024-03-19
B008,E0210,2021-01-11,2021-04-27
B001,E0248,2022-12-18,2023-03-18
B004,E0169,2021-02-14,2021-05-29
B006,E0216,2023-08-23,2024-01-07
B001,E0297,2021-04-20,2022-04-10
B003,E0189,2022-02-13,2022-09-20
B005,E0479,2021-04-11,2022-02-28
B008,E0487,2023-11-12,2024-01-21
B010,E0137,2020-05-01,2020-10-10
B002,E0423,2022-02-27,2022-06-15
B010,E0220,2021-01-23,2021-03-19
B004,E0471,2020-09-30,2021-09-08
B001,E0245,2023-12-09,2024-07-24
B003,E0139,2021-10-24,2022-05-19
B005,E0404,2020-11-12,2021-09-08
B003,E0459,2022-05-12,2023-01-20
B004,E0092,2020-05-15,2020-12-07
B008,E0116,2023-04-09,2023-09-05
B006,E0017,2022-12-31,2023-09-10
B005,E0339,2023-01-12,2023-05-23
B006,E0002,2023-10-09,2023-12-26
B007,E0184,2020-09-16,2021-02-26
B010,E0113,2021-03-26,2021-10-27
B005,E0026,2021-06-06,2021-09-09
B001,E0495,2022-05-21,2022-10-12
B003,E0187,2023-10-24,2024-08-22
B010,E0237,2020-08-27,2021-02-03
B005,E0445,2021-06-08,2022-02-17
B005,E0236,2023-04-27,2023-07-19
B007,E0385,2021-12-17,2022-05-01
B009,E0398,2020-03-19,2021-01-18
B009,E0196,2023-08-22,2024-03-23
B006,E0302,2022-03-08,2022-11-12
B001,E0283,2023-12-31,2024-03-08
B004,E0349,2020-10-29,2021-08-13
B001,E0338,2021-06-18,2021-11-26
B006,E0432,2020-02-11,2021-01-19
B007,E0493,2022-08-10,2022-10-13
B002,E0049,2022-08-02,2023-03-21
B002,E0395,2021-12-05,2022-01-17
B006,E0112,2023-09-22,2024-04-22
B006,E0061,2023-06-09,2023-11-25
B006,E0087,2023-10-23,2024-07-03
B002,E0457,2023-07-11,2024-04-12
B010,E0498,2023-09-21,2024-01-12
B009,E0276,2021-08-10,2022-01-09
B009,E0274,2020-07-13,2021-04-17
B005,E0485,2022-02-10,2022-09-07
B005,E0459,2021-11-09,2022-06-01
B009,E0034,2020-08-27,2020-10-09
B007,E0165,2022-09-16,2023-08-26
B006,E0222,2020-12-16,2021-05-11
B006,E0125,2020-05-14,2020-12-29
B004,E0061,2021-02-01,2022-01-29
B008,E0115,2022-03-27,2022-07-06
B008,E0170,2023-06-30,2024-04-03
B007,E0429,2023-04-08,2024-03-25
B009,E0133,2020-09-09,2020-11-30
B004,E0262,2022-02-16,2022-10-23
B003,E0454,2021-12-15,2022-04-04
B003,E0316,2022-01-18,2022-05-04
B010,E0110,2023-06-18,2023-08-10
B002,E0285,2023-12-20,2024-11-13
B010,E0467,2021-04-21,2022-03-23
B007,E0276,2020-07-18,2021-06-12
B004,E0237,2020-06-14,2020-12-09
B001,E0114,2020-05-27,2020-07-08
B003,E0108,2021-08-06,2022-02-11
B003,E0163,2020-01-02,2020-05-27
B005,E0156,2022-06-18,2022-08-08
B010,E0145,2021-11-26,2022-11-25
B002,E0407,2021-02-22,2021-03-27
B009,E0048,2022-03-15,2023-01-15
B002,E0104,2022-05-21,2022-07-23
B010,E0060,2021-04-08,2021-12-10
B009,E0335,2023-05-21,2024-01-19
B008,E0395,2022-08-15,2023-04-04
B007,E0137,2020-07-28,2020-08-27
B007,E0456,2020-02-03,2020-03-21
B010,E0077,2020-09-12,2020-11-22
B005,E0374,2021-11-05,2022-09-22
B009,E0143,2023-07-16,2023-12-23
B006,E0175,2023-09-29,2023-11-08
B005,E0182,2020-04-08,2021-02-26
B008,E0148,2020-09-30,2021-09-06
B004,E0304,2021-04-14,2021-10-25
B007,E0492,2023-01-06,2023-02-20
B004,E0417,2022-06-17,2023-05-18
B007,E0101,2022-07-08,2023-03-15
B001,E0054,2020-06-07,2020-07-17
B002,E0371,2020-05-16,2020-09-23
B008,E0223,2022-11-06,2023-06-15
B005,E0215,2022-11-27,2023-03-31
B010,E0268,2023-06-03,2024-03-05
B010,E0323,2022-12-04,2023-11-29
B009,E0032,2021-09-23,2021-11-14
B007,E0235,2023-01-10,2024-01-09
B001,E0056,2023-09-16,2023-12-14
B004,E0274,2022-05-22,2022-07-23
B007,E0283,2020-02-16,2020-08-01
B010,E0298,2023-08-19,2024-03-09
B008,E0163,2023-12-13,2024-07-30
B001,E0412,2023-08-28,2024-06-27
B003,E0489,2023-12-25,2024-09-12
B006,E0242,2020-02-05,2021-02-04
B003,E0441,2023-03-29,2023-06-29
B003,E0217,2020-04-06,2020-05-06
B007,E0452,2021-11-04,2022-07-31
B006,E0318,2021-09-11,2021-11-07
B005,E0038,2020-01-17,2020-04-07
B002,E0147,2020-03-03,2020-11-10
B001,E0038,2021-02-17,2021-04-26
B004,E0082,2020-11-03,2021-06-26
B010,E0311,2022-11-01,2023-03-06
B007,E0172,2023-07-06,2023-11-21
B001,E0100,2021-09-30,2021-11-04
B006,E0199,2023-12-09,2024-06-01
B006,E0442,2023-08-01,2024-04-24
B007,E0312,2021-11-15,2022-06-09
B008,E0353,2021-01-30,2021-04-13
B007,E0203,2022-06-23,2023-01-31
B003,E0355,2020-11-26,2021-02-02
B006,E0496,2020-12-17,2021-09-28
B010,E0107,2022-05-02,2022-06-03
B001,E0176,2023-11-20,2024-11-18
B005,E0122,2020-04-16,2020-08-25
B006,E0170,2021-09-26,2022-08-04
B008,E0298,2021-07-16,2022-06-13
B007,E0360,2020-10-01,2021-09-08
B001,E0470,2022-03-24,2022-05-26
B001,E0079,2020-02-19,2020-08-09
B003,E0131,2021-09-11,2022-02-26
B006,E0156,2020-10-27,2021-01-06
B001,E0350,2020-05-01,2021-01-04
B009,E0039,2020-10-31,2021-02-04
B007,E0445,2023-02-27,2023-08-29
B006,E0292,2021-10-30,2022-10-20
B005,E0271,2023-07-14,2024-02-19
B005,E0362,2022-03-09,2022-10-28
B002,E0392,2020-03-23,2020-05-17
B007,E0122,2020-08-13,2021-01-13
B004,E0415,2022-10-18,2023-08-17
B007,E0157,2020-01-09,2020-12-25
B010,E0418,2021-09-30,2022-06-11
B010,E0094,2023-06-11,2024-05-04
B010,E0401,2022-12-24,2023-06-28
B005,E0148,2020-09-30,2021-05-25
B008,E0376,2021-02-20,2021-08-03
B005,E0426,2020-02-17,2020-11-15
B005,E0261,2022-03-05,2022-04-14
B010,E0290,2023-01-20,2023-03-31
B008,E0141,2020-06-18,2021-06-11
B003,E0430,2021-04-07,2021-06-09
B006,E0150,2020-12-25,2021-07-28
B008,E0419,2023-08-31,2024-02-13
B009,E0310,2020-10-03,2021-09-30
B004,E0470,2021-07-08,2022-03-28
B009,E0239,2020-03-11,2021-01-30
B001,E0451,2022-06-10,2023-05-27
B002,E0449,2022-03-06,2023-03-05
B008,E0018,2020-06-09,2020-12-30
B004,E0185,2020-10-25,2021-05-30
B004,E0234,2023-09-19,2024-05-31
B008,E0250,2022-04-12,2022-08-02
B001,E0178,2021-12-27,2022-03-29
B004,E0327,2020-12-07,2021-07-22
B003,E0197,2023-08-03,2024-07-27
B010,E0172,2023-04-02,2024-01-11
B006,E0411,2021-03-04,2021-04-24
B001,E0189,2020-01-20,2020-03-13
B003,E0170,2020-09-22,2021-07-30
B010,E0067,2021-01-13,2021-09-21
B006,E0388,2020-03-23,2020-12-22
B010,E0355,2021-04-14,2021-06-04
B002,E0176,2020-06-04,2020-09-20
B007,E0198,2023-01-15,2024-01-05
B004,E0392,2022-02-06,2022-10-12
B007,E0221,2022-03-14,2022-11-05
B008,E0386,2022-10-19,2023-07-06
B008,E0277,2022-11-06,2023-04-29
B008,E0401,2023-07-04,2024-02-09
B006,E0226,2023-05-18,2023-09-26
B008,E0255,2023-06-14,2023-08-05
B004,E0266,2022-04-04,2022-11-17
B007,E0330,2020-06-21,2020-09-25
B003,E0465,2021-12-18,2022-05-01
B002,E0327,2021-04-13,2021-09-06
B002,E0467,2022-12-14,2023-08-14
B004,E0170,2023-12-30,2024-07-20
B003,E0059,2021-12-17,2022-05-05
B007,E0404,2020-07-26,2021-05-22
B009,E0387,2021-09-09,2022-07-09
B006,E0015,2020-11-24,2021-08-08
B010,E0303,2023-09-01,2023-12-10
B008,E0133,2022-03-09,2022-05-02
B004,E0457,2022-06-18,2022-09-24
B009,E0264,2023-06-01,2024-05-14
B006,E0074,2021-10-07,2022-09-05
B002,E0410,2023-10-18,2024-09-24
B008,E0278,2022-04-27,2023-01-09
B009,E0291,2022-04-22,2023-03-02
B001,E0211,2023-03-03,2023-06-02
B007,E0494,2023-01-27,2023-10-22
B002,E0016,2022-04-25,2022-06-24
B009,E0074,2023-01-12,2023-11-28
B002,E0184,2022-06-16,2022-09-14
B004,E0109,2022-05-28,2023-04-11
B005,E0444,2022-01-08,2022-10-14
B008,E0168,2021-06-23,2022-03-31
B005,E0089,2021-03-04,2021-09-14
B009,E0170,2020-04-25,2020-09-20
B002,E0404,2022-10-17,2023-04-28
B003,E0369,2021-05-27,2022-01-17
B006,E0092,2022-11-06,2023-09-06
B010,E0348,2023-05-16,2023-12-05
B001,E0372,2021-02-13,2021-12-11
B001,E0312,2020-09-10,2021-07-08
B003,E0271,2021-09-14,2022-08-17
B010,E0382,2023-09-06,2024-01-30
B003,E0153,2023-01-05,2023-02-24
B009,E0386,2021-02-13,2021-06-22
B005,E0077,2023-07-15,2023-09-17
B002,E0267,2023-09-13,2024-04-04
B005,E0330,2022-06-23,2023-03-15
B002,E0229,2020-09-06,2020-12-01
B002,E0323,2020-07-29,2020-11-16
B001,E0393,2022-05-07,2022-08-12
B004,E0081,2020-08-03,2021-07-16
B008,E0460,2021-02-04,2021-08-05
B008,E0360,2022-02-25,2022-08-16
B005,E0280,2020-02-16,2020-07-13
B009,E0001,2022-06-01,2022-08-09
B007,E0038,2020-02-13,2020-10-22
B004,E0165,2023-07-17,2023-12-12
B002,E0117,2023-07-31,2023-11-13
B006,E0103,2020-04-08,2020-09-21
B003,E0435,2023-04-02,2023-06-29
B002,E0197,2023-10-03,2024-01-20
B009,E0136,2023-04-30,2023-11-06
B010,E0491,2021-09-10,2022-06-09
B006,E0190,2023-08-19,2023-10-09
B003,E0416,2020-02-18,2020-06-19
B003,E0279,2020-04-27,2020-06-15
B004,E0428,2023-07-04,2023-11-08
B010,E0427,2020-04-27,2020-09-24
B008,E0364,2022-07-31,2023-02-03
B007,E0146,2021-09-29,2022-06-14
B009,E0037,2021-10-24,2021-11-23
B003,E0070,2023-11-27,2024-10-20
B001,E0159,2020-07-29,2021-06-27
B006,E0081,2022-11-17,2023-01-18
B005,E0028,2022-10-03,2023-07-03
B001,E0367,2022-09-04,2023-02-11
B002,E0148,2020-10-14,2021-09-16
B009,E0324,2022-08-30,2023-06-17
B010,E0024,2021-12-12,2022-08-05
B010,E0457,2021-03-15,2021-10-14
B005,E0357,2021-05-16,2022-03-19
B004,E0279,2021-08-09,2021-12-28
B007,E0092,2022-06-07,2022-12-11
B010,E0486,2022-02-14,2022-05-05
B002,E0262,2021-10-06,2022-04-19
B009,E0022,2023-12-17,2024-04-30
B005,E0266,2023-07-06,2023-11-04
B009,E0251,2022-01-23,2022-09-29
B003,E0239,2021-08-23,2021-10-12
B007,E0285,2021-10-06,2022-02-16
B008,E0110,2020-10-26,2021-09-11
B002,E0408,2021-12-04,2022-06-22
B010,E0096,2021-12-25,2022-12-10
B007,E0224,2023-04-27,2024-02-07
B010,E0342,2020-05-09,2021-02-16
B008,E0454,2020-08-07,2021-02-15
B005,E0012,2023-01-05,2023-12-12
B010,E0019,2022-05-08,2022-06-28
B003,E0246,2020-07-17,2020-11-23
B008,E0201,2022-12-12,2023-06-13
B008,E0139,2023-02-22,2023-10-24
B010,E0037,2023-10-08,2023-12-18
B009,E0476,2022-04-09,2023-03-30
B008,E0006,2021-12-03,2022-06-11
B005,E0163,2021-08-01,2022-07-31
B008,E0012,2022-08-19,2022-12-11
B008,E0359,2023-02-17,2024-01-19
B003,E0173,2022-11-06,2022-12-19
B004,E0381,2022-04-29,2023-04-26
B002,E0204,2020-10-07,2021-04-01
B003,E0331,2020-07-04,2021-04-16
B002,E0228,2022-08-29,2023-01-23
B003,E0261,2021-05-08,2022-03-27
B009,E0365,2022-10-06,2023-09-20
B006,E0314,2020-12-13,2021-01-23
B007,E0321,2023-08-18,2024-01-18
B002,E0286,2021-05-28,2022-05-21
B004,E0320,2022-09-01,2022-10-06
B008,E0244,2023-05-18,2023-10-04
B005,E0151,2020-08-24,2021-02-21
B006,E0200,2023-09-03,2023-10-10
B008,E0111,2021-04-23,2021-08-23
B008,E0138,2023-01-31,2023-04-11
B007,E0070,2023-10-27,2024-01-08
B010,E0141,2020-12-18,2021-08-19
B002,E0015,2022-12-21,2023-10-13
B002,E0318,2022-10-12,2022-12-16
B005,E0278,2022-02-14,2023-01-18
B009,E0189,2022-05-29,2022-07-02
B009,E0011,2022-08-30,2023-04-18
B004,E0012,2023-03-23,2024-01-11
B002,E0261,2020-10-22,2021-09-21
B002,E0119,2023-06-02,2024-03-10
B005,E0332,2023-11-26,2024-01-15
B010,E0446,2022-06-07,2022-07-15
B004,E0135,2021-08-06,2021-09-23
B008,E0009,2021-03-25,2022-01-27
B003,E0089,2022-06-16,2023-01-22
B010,E0326,2022-02-19,2022-05-06
B005,E0208,2020-12-29,2021-03-06
B001,E0133,2020-10-10,2021-03-06
B002,E0440,2021-11-13,2022-06-24
B009,E0233,2021-06-26,2022-04-06
B008,E0128,2023-02-03,2023-09-30
B004,E0019,2023-03-20,2023-10-07
B004,E0041,2022-05-29,2022-09-15
B008,E0297,2022-03-16,2022-12-31
B010,E0437,2022-10-05,2023-04-13
B004,E0499,2022-12-18,2023-11-12
B007,E0166,2020-12-01,2021-02-28
B009,E0284,2023-08-18,2024-08-02
B002,E0428,2020-04-28,2021-01-15
B005,E0448,2023-08-08,2023-12-25
B006,E0095,2021-05-05,2022-02-07
B005,E0378,2023-04-06,2023-11-25
B001,E0333,2021-01-30,2021-07-20
B008,E0064,2020-11-07,2020-12-20
B005,E0187,2023-11-29,2024-08-12
B009,E0207,2022-11-28,2023-02-11
B008,E0083,2021-06-12,2022-06-03
B010,E0426,2020-08-08,2020-09-10
B006,E0090,2023-09-21,2023-12-04
B001,E0090,2021-05-16,2022-03-07
B008,E0379,2022-06-03,2022-11-19
B005,E0009,2021-04-11,2022-02-17
B006,E0004,2022-11-22,2023-11-13
B008,E0171,2023-12-25,2024-03-18
B007,E0401,2023-01-20,2023-06-05
B005,E0277,2020-03-29,2020-06-20
B009,E0412,2020-09-06,2021-06-18
B008,E0040,2020-08-21,2021-05-30
B005,E0123,2021-07-06,2021-11-17
B007,E0112,2020-02-27,2021-02-09
B001,E0491,2021-09-08,2022-05-29
B008,E0033,2022-10-30,2023-06-15
B008,E0388,2020-01-21,2020-10-21
B006,E0311,2023-03-16,2023-09-07
B007,E0471,2020-03-13,2020-05-24
B003,E0485,2023-08-30,2024-05-04
B004,E0331,2023-12-28,2024-09-22
B004,E0368,2022-10-27,2023-05-09
B010,E0143,2023-11-28,2024-09-29
B006,E0246,2023-10-14,2024-10-07
B001,E0426,2022-04-24,2022-06-12
B005,E0420,2021-12-07,2022-03-26
B006,E0319,2021-02-18,2021-09-25
B008,E0068,2021-10-15,2022-06-04
B004,E0473,2023-08-07,2023-12-29
B002,E0205,2021-12-02,2022-06-25
B005,E0481,2020-03-26,2021-02-28
B003,E0145,2020-09-22,2021-04-15
B006,E0329,2023-03-15,2024-03-01
B001,E0402,2023-02-03,2023-12-27
B001,E0160,2023-03-22,2023-06-19
B010,E0405,2020-07-19,2021-02-20
B010,E0007,2022-07-23,2023-02-10
B003,E0307,2023-01-26,2023-03-26
B009,E0021,2022-09-16,2022-10-21
B004,E0124,2021-09-15,2022-06-11
B007,E0152,2021-01-28,2021-05-31
B010,E0158,2023-05-10,2023-08-30
B002,E0116,2021-12-12,2022-07-20
B005,E0373,2023-09-09,2024-05-17
B009,E0118,2020-08-04,2021-02-05
B010,E0076,2022-09-18,2023-07-16
B003,E0363,2023-06-07,2023-10-07
B007,E0187,2020-05-09,2020-11-14
B006,E0052,2023-06-13,2024-04-02
B005,E0169,2021-03-08,2021-04-28
B003,E0215,2022-02-12,2022-05-06
B010,E0093,2023-10-19,2024-06-25
B003,E0338,2023-05-02,2023-07-28
B002,E0379,2021-04-06,2021-06-03
B005,E0321,2021-01-08,2021-03-25
B005,E0456,2021-10-22,2022-01-28
B005,E0173,2023-09-20,2024-03-12
B008,E0019,2022-11-23,2023-08-27
B002,E0002,2022-01-12,2022-12-23
B010,E0166,2023-02-24,2023-06-30
B006,E0381,2022-09-22,2023-09-21
B002,E0150,2022-03-27,2022-06-13
B009,E0142,2021-08-17,2022-03-03
B006,E0368,2021-01-21,2021-10-21
B009,E0355,2023-07-05,2023-10-26
B001,E0124,2023-09-13,2024-04-22
B003,E0259,2021-03-10,2021-11-18
B001,E0130,2022-10-22,2023-04-29
B005,E0064,2022-04-23,2022-07-25
B001,E0285,2023-07-28,2023-12-07
B007,E0367,2023-12-31,2024-05-18
B006,E0335,2023-06-07,2024-03-07
B002,E0287,2022-10-24,2023-01-31
B004,E0002,2022-03-26,2023-01-24
B005,E0382,2022-10-15,2022-11-23
B008,E0371,2021-05-29,2021-12-19
B010,E0091,2021-01-25,2021-08-05
B008,E0187,2020-07-29,2021-06-24
B002,E0445,2021-08-02,2021-11-05
B001,E0254,2023-02-24,2023-04-11
B001,E0007,2022-11-07,2023-02-22
B008,E0331,2020-05-20,2021-01-03
B001,E0111,2020-08-19,2021-06-19
B006,E0272,2023-06-13,2024-02-11
B003,E0086,2022-10-16,2022-12-08
B005,E0314,2021-11-18,2022-10-03
B007,E0051,2023-08-12,2023-11-12
B004,E0500,2021-09-22,2022-04-01
B004,E0150,2023-08-23,2024-05-27
B006,E0264,2021-11-26,2022-11-22
B010,E0010,2023-12-07,2024-11-13
B004,E0186,2021-10-31,2022-09-07
B007,E0236,2022-03-12,2022-10-18
B007,E0058,2021-04-23,2021-07-05
B004,E0119,2021-07-31,2022-07-22
B004,E0344,2021-05-26,2021-12-09
B006,E0303,2020-01-05,2020-09-29
B005,E0085,2022-03-11,2022-11-05
B009,E0094,2021-01-22,2022-01-13
B008,E0107,2022-09-23,2023-08-31
B004,E0296,2023-03-16,2024-02-11
B001,E0352,2023-05-23,2023-09-21
B001,E0324,2020-07-07,2020-08-29
B009,E0285,2020-10-20,2021-08-24
B004,E0285,2022-10-20,2023-07-09
B001,E0153,2021-11-11,2021-12-12
B010,E0132,2021-12-07,2022-06-14
B009,E0192,2021-10-28,2022-08-06
B004,E0144,2022-12-25,2023-12-24
B004,E0090,2023-12-13,2024-11-14
B002,E0482,2020-10-03,2021-09-29
B006,E0108,2023-11-10,2024-06-12
B006,E0011,2023-11-23,2024-09-10
B007,E0267,2022-03-10,2022-09-04
B007,E0044,2020-08-30,2020-11-20
B010,E0129,2022-06-12,2023-06-11
B001,E0190,2021-06-09,2022-06-05
B010,E0005,2023-08-06,2024-04-16
B001,E0304,2020-02-06,2020-11-21
B002,E0221,2023-12-21,2024-03-17
B003,E0426,2021-11-13,2022-04-17
B009,E0311,2020-10-11,2021-05-14
B002,E0057,2022-03-02,2023-02-25
B007,E0393,2023-10-12,2024-03-13
B007,E0476,2021-08-20,2022-04-20
B008,E0208,2021-05-26,2022-04-25
B007,E0085,2022-12-20,2023-04-25
B007,E0373,2023-12-04,2024-07-28
B003,E0339,2021-07-27,2022-02-13
B003,E0413,2022-03-13,2023-02-23
B007,E0343,2020-11-12,2021-04-09
B003,E0003,2020-05-02,2021-02-21
B008,E0205,2023-10-08,2024-04-07
B010,E0012,2020-12-22,2021-04-28
B001,E0059,2022-12-30,2023-09-16
B007,E0065,2021-11-30,2022-03-31
B005,E0129,2021-05-19,2021-10-24
B002,E0185,2022-04-12,2022-12-23
B009,E0026,2023-03-22,2023-06-01
B005,E0336,2023-12-21,2024-05-06
B004,E0174,2023-04-21,2023-07-30
B009,E0127,2020-02-21,2020-08-28
B005,E0047,2022-05-18,2023-03-12
B002,E0307,2022-09-28,2022-12-25
B006,E0147,2022-08-03,2022-10-26
B009,E0462,2020-07-10,2021-06-27
B001,E0169,2020-12-14,2021-01-25
B003,E0082,2020-11-02,2021-05-05
B004,E0191,2022-04-26,2022-08-09
B006,E0390,2020-10-05,2021-01-03
B005,E0246,2022-12-21,2023-02-23
B004,E0053,2023-08-04,2023-12-15
B007,E0039,2020-09-05,2021-06-28
B005,E0102,2021-11-19,2022-08-10
B010,E0190,2023-10-07,2024-01-06
B002,E0413,2021-03-03,2021-10-19
B006,E0102,2022-08-18,2022-12-03
B005,E0219,2021-09-19,2022-03-03
B006,E0059,2020-01-27,2020-11-15
B005,E0177,2021-07-10,2022-05-07
B007,E0363,2023-09-25,2023-12-20
B004,E0329,2023-12-07,2024-02-07
B001,E0003,2021-10-22,2021-12-10
B004,E0306,2022-02-27,2022-05-01
B004,E0316,2023-05-19,2023-07-06
B003,E0119,2022-12-06,2023-06-03
B001,E0294,2023-11-01,2024-01-18
B008,E0429,2020-10-08,2021-08-10
B003,E0452,2023-11-23,2024-03-19
B001,E0235,2021-09-12,2022-07-06
B009,E0426,2023-01-29,2023-11-22
B010,E0192,2022-05-06,2022-12-13
B002,E0427,2021-09-06,2022-01-26
B006,E0352,2021-01-29,2021-03-16
B004,E0373,2021-08-06,2021-09-23
B001,E0369,2020-12-11,2021-04-12
B001,E0424,2023-11-30,2024-03-24
B010,E0219,2022-08-07,2023-05-07
B002,E0155,2021-07-19,2022-05-18
B010,E0142,2021-02-11,2021-04-03
B003,E0076,2020-08-22,2021-06-12
B004,E0216,2023-09-02,2024-01-25
B005,E0272,2022-05-02,2022-07-04
B001,E0407,2023-04-13,2024-01-20
B005,E0132,2021-05-24,2021-09-21
B006,E0093,2023-08-04,2024-03-15
B009,E0016,2023-06-05,2024-01-21
B003,E0281,2023-07-09,2024-01-22
B002,E0110,2022-08-31,2023-07-10
B008,E0242,2022-12-18,2023-08-13
B006,E0336,2023-08-06,2024-01-07
B010,E0451,2021-04-30,2021-10-28
B010,E0202,2021-04-02,2021-09-02
B006,E0114,2021-12-04,2022-03-08
B009,E0314,2020-06-08,2021-03-30
B008,E0289,2021-05-17,2021-09-27
B003,E0344,2021-01-02,2021-06-28
B002,E0259,2022-06-13,2023-03-20
B001,E0347,2022-07-15,2023-06-17
B006,E0063,2020-12-30,2021-08-27
B009,E0338,2023-11-06,2024-10-27
B009,E0322,2022-03-05,2023-01-28
B005,E0034,2020-05-26,2020-11-04
B005,E0037,2021-05-10,2022-04-29
B001,E0261,2022-10-07,2023-10-07
B007,E0396,2023-07-15,2024-06-01
B002,E0463,2020-06-03,2021-04-05
B009,E0483,2021-07-12,2022-04-26
B009,E0371,2021-10-20,2022-07-12
B010,E0261,2022-02-25,2022-10-24
B005,E0487,2022-04-16,2022-06-14
B004,E0190,2021-02-23,2021-12-24
B001,E0214,2023-08-09,2024-07-20
B001,E0109,2022-04-06,2022-05-15
B003,E0046,2020-10-16,2021-03-13
B009,E0309,2020-04-28,2021-04-04
B007,E0087,2020-04-25,2021-03-31
B010,E0276,2023-02-01,2023-03-28
B009,E0442,2021-02-24,2021-06-15
B006,E0400,2023-09-18,2024-04-05
B008,E0053,2023-05-14,2024-03-05
B002,E0077,2023-04-26,2023-10-27
B010,E0025,2022-11-06,2023-05-09
B004,E0416,2022-04-15,2022-12-23
B005,E0239,2020-07-06,2020-10-17
B006,E0412,2021-01-15,2021-09-20
B005,E0205,2022-02-10,2022-04-20
B007,E0245,2020-11-16,2021-08-20
B009,E0377,2020-02-01,2020-09-11
B010,E0488,2023-09-16,2023-12-30
B005,E0062,2022-04-24,2022-08-11
B002,E0074,2020-07-12,2021-05-01
B008,E0340,2020-09-14,2020-11-21
B002,E0257,2023-09-09,2023-11-19
B010,E0030,2020-02-13,2020-10-05
B004,E0301,2023-01-21,2024-01-18
B003,E0257,2021-10-09,2022-06-20
B010,E0004,2023-02-11,2023-10-04
B007,E0246,2022-03-27,2023-01-25
B004,E0097,2022-12-16,2023-08-13
B002,E0168,2020-01-04,2020-11-27
B006,E0113,2023-03-29,2023-10-12
B004,E0177,2021-04-25,2021-09-05
B010,E0363,2021-12-24,2022-04-26
B001,E0128,2022-02-08,2022-07-27
B008,E0226,2023-12-16,2024-03-15
B003,E0384,2022-03-23,2022-06-06
B009,E0036,2022-05-26,2022-11-05
B003,E0476,2022-08-11,2022-09-17
B001,E0064,2023-07-19,2024-07-01
B007,E0196,2023-09-20,2024-01-06
B006,E0299,2021-09-30,2022-05-29
B010,E0224,2021-07-11,2022-04-10
B006,E0332,2020-09-29,2021-06-26
B009,E0114,2020-01-14,2020-02-26
B007,E0016,2021-10-06,2022-04-25
B007,E0464,2023-09-02,2023-12-31
B010,E0453,2022-09-22,2023-05-31
B007,E0369,2022-09-08,2022-10-15
B008,E0004,2023-02-05,2023-10-14
B003,E0150,2022-09-01,2023-06-21
B003,E0442,2023-04-26,2023-09-01
B005,E0293,2020-09-17,2021-08-04
B010,E0358,2020-11-03,2021-11-03
B010,E0160,2022-02-16,2022-05-13
B005,E0053,2022-01-18,2022-04-05
B010,E0230,2022-10-30,2023-04-25
B007,E0490,2023-01-08,2023-08-23
B004,E0166,2021-01-23,2021-03-21
B004,E0276,2021-03-19,2022-01-05
B004,E0454,2022-02-02,2022-06-14
B005,E0268,2022-12-02,2023-09-17
B003,E0434,2023-07-30,2023-11-30
B010,E0126,2020-06-04,2021-01-02
B007,E0449,2022-04-11,2022-11-01
B003,E0022,2023-06-28,2024-02-29
B008,E0246,2020-12-27,2021-09-25
B005,E0015,2020-09-09,2020-12-26
B004,E0341,2023-12-13,2024-04-22
B004,E0498,2021-08-13,2022-08-05
B003,E0300,2020-10-15,2021-06-13
B010,E0068,2020-12-08,2021-04-03
B006,E0428,2021-06-20,2021-10-17
B002,E0206,2023-04-13,2023-12-14
B002,E0416,2022-10-10,2023-01-23
B004,E0467,2021-02-27,2021-11-24
B002,E0010,2021-07-07,2022-02-21
B001,E0096,2023-12-19,2024-03-09
B004,E0056,2022-07-02,2022-08-10
B008,E0060,2021-11-02,2022-01-17
B003,E0093,2020-06-07,2021-05-26
B010,E0130,2021-01-26,2021-07-21
B001,E0225,2023-04-18,2023-10-12
B006,E0467,2020-08-24,2020-12-17
B007,E0454,2023-09-25,2024-06-06
B007,E0006,2022-05-25,2022-12-29
B005,E0018,2022-03-10,2022-05-30
B003,E0268,2020-05-16,2020-11-20
B008,E0418,2023-02-23,2023-07-11
B006,E0211,2020-01-06,2020-02-07
B008,E0372,2023-07-24,2024-03-18
B006,E0173,2023-04-08,2023-11-15
B007,E0227,2021-12-09,2022-09-28
B003,E0471,2023-09-05,2023-12-24
B009,E0231,2020-12-13,2021-02-26
B003,E0374,2021-10-01,2022-03-10
B010,E0497,2023-04-11,2024-04-02
B002,E0365,2021-06-26,2022-04-13
B006,E0075,2022-02-07,2023-01-22
B010,E0111,2020-12-23,2021-10-17
B002,E0341,2023-08-08,2024-04-23
B003,E0203,2022-07-13,2022-08-28
B006,E0163,2020-05-31,2021-05-14
B005,E0216,2022-11-28,2023-02-26
B010,E0279,2023-02-14,2023-09-19
B001,E0268,2023-11-16,2024-10-19
B001,E0357,2021-04-29,2021-07-14
B002,E0021,2023-09-16,2024-09-13
B001,E0446,2022-12-14,2023-04-04
B004,E0117,2020-12-22,2021-10-05
B004,E0106,2020-07-23,2021-02-11
B004,E0010,2023-11-02,2024-04-23
B006,E0237,2022-09-08,2023-08-26
B004,E0047,2022-06-07,2023-04-21
B002,E0068,2022-02-15,2023-01-16
B006,E0065,2020-08-30,2021-02-20
B005,E0108,2021-06-23,2022-02-20
B003,E0335,2022-11-29,2023-10-25
B010,E0481,2023-04-14,2023-05-23
B004,E0083,2020-02-01,2020-10-15
B001,E0282,2020-10-18,2021-03-10
B008,E0212,2020-11-16,2021-04-12
B004,E0157,2022-08-30,2023-03-04
B010,E0170,2020-01-29,2020-11-20
B007,E0013,2020-05-25,2021-03-04
B004,E0335,2020-04-10,2020-08-16
B010,E0495,2020-11-30,2021-05-26
B004,E0334,2022-05-01,2022-11-22
B003,E0202,2022-03-23,2022-12-01
B002,E0478,2020-12-26,2021-02-24
B001,E0196,2022-10-20,2023-08-20
B005,E0099,2022-12-09,2023-09-26
B009,E0049,2021-11-15,2022-08-13
B005,E0056,2021-06-04,2021-08-23
B001,E0308,2020-12-31,2021-11-25
B001,E0494,2023-05-26,2024-02-24
B007,E0333,2020-05-30,2020-08-16
B001,E0440,2020-08-13,2021-03-20
B002,E0164,2021-03-10,2021-04-10
B003,E0198,2020-09-08,2021-04-15
B003,E0061,2023-07-11,2023-12-22
B008,E0476,2022-09-18,2022-12-28
B002,E0018,2020-02-18,2020-10-03
B007,E0128,2020-05-22,2020-11-14
B010,E0490,2023-10-12,2023-12-15
B004,E0401,2022-05-13,2023-04-26
B010,E0090,2022-06-24,2022-10-09
B003,E0058,2022-04-08,2022-08-06
B006,E0245,2020-09-12,2020-11-07
B010,E0301,2021-03-03,2021-10-20
B006,E0088,2021-05-15,2022-04-30
B005,E0391,2021-11-27,2022-09-05
B008,E0440,2020-04-18,2021-04-06
B002,E0278,2021-01-12,2021-09-12
B005,E0304,2023-08-24,2024-05-14
B002,E0101,2020-01-31,2020-09-20
B006,E0107,2023-08-19,2024-01-25
B005,E0027,2020-02-09,2021-01-08
B005,E0341,2022-01-31,2022-08-27
B009,E0166,2023-08-21,2024-08-19
B009,E0149,2022-02-08,2022-08-14
B004,E0371,2022-01-26,2022-12-19
B006,E0305,2023-09-20,2024-07-09
B006,E0438,2023-05-02,2024-04-04
B009,E0463,2023-08-24,2024-04-18
B001,E0332,2023-09-23,2024-01-08
B006,E0176,2023-08-27,2024-04-06
B010,E0246,2020-05-02,2020-11-02
B001,E0472,2023-05-01,2023-06-01
B007,E0289,2023-10-23,2024-09-30
B010,E0413,2023-11-11,2024-05-12
B008,E0422,2023-01-18,2023-09-10
B005,E0454,2023-08-09,2024-02-15
B003,E0229,2022-03-09,2023-01-22
B002,E0231,2021-02-12,2022-02-01
B004,E0481,2021-02-17,2021-12-12
B003,E0417,2022-05-10,2022-10-14
B008,E0338,2022-02-06,2022-09-25
B010,E0423,2020-09-29,2020-12-25
B007,E0258,2022-02-12,2022-03-31
B008,E0310,2022-06-05,2022-11-09
B005,E0476,2023-12-14,2024-06-17
B005,E0054,2023-09-14,2023-12-15
B009,E0352,2020-07-30,2021-04-10
B007,E0018,2020-11-29,2021-05-18
B010,E0238,2023-04-20,2023-07-31
B009,E0431,2020-04-05,2020-10-07
B006,E0348,2020-03-30,2020-07-14
B008,E0464,2022-12-04,2023-01-25
B006,E0045,2022-01-09,2022-03-23
B009,E0177,2023-06-05,2023-11-12
B005,E0170,2020-07-22,2021-07-15
B002,E0239,2020-11-02,2021-05-20
B005,E0411,2023-07-28,2023-12-17
B003,E0389,2020-07-08,2021-05-31
B009,E0356,2022-11-10,2023-05-17
B003,E0291,2022-03-28,2022-08-04
B009,E0478,2022-02-05,2022-04-13
B002,E0270,2022-09-12,2023-05-13
B004,E0364,2021-03-09,2021-12-25
B007,E0096,2021-05-13,2021-07-26
B010,E0414,2023-03-17,2023-09-22
B003,E0193,2023-12-23,2024-04-09
B008,E0438,2020-09-21,2021-09-02
B006,E0492,2023-10-08,2024-02-18
B006,E0265,2023-07-20,2023-11-14
B008,E0048,2023-05-18,2023-08-17
B008,E0074,2021-09-08,2022-03-25
B009,E0482,2020-04-02,2020-08-20
B006,E0058,2022-04-10,2022-05-29
B010,E0013,2022-03-29,2022-08-23
B006,E0378,2023-03-02,2023-07-09
B008,E0370,2022-06-13,2022-12-15
B010,E0360,2021-03-01,2021-10-04
B001,E0035,2020-09-12,2021-05-09
B009,E0126,2020-03-17,2020-10-29
B006,E0210,2020-06-22,2021-06-01
B008,E0347,2021-08-02,2022-07-09
B002,E0331,2021-04-02,2021-07-20
B002,E0308,2021-12-26,2022-03-09
B009,E0145,2020-11-06,2021-08-01
B002,E0460,2020-02-05,2020-10-23
B010,E0409,2022-07-04,2022-11-27
B008,E0383,2023-03-08,2024-01-04
B009,E0400,2022-01-23,2022-08-03
B007,E0012,2022-09-04,2023-02-10
B008,E0260,2023-03-02,2023-08-08
B001,E0017,2022-08-17,2023-05-26
B001,E0358,2023-10-09,2024-05-05
B003,E0373,2021-09-03,2022-05-16
B002,E0081,2023-11-15,2024-01-05
B005,E0436,2020-11-02,2020-12-14
B009,E0160,2021-10-02,2022-08-23
B003,E0008,2021-08-16,2022-01-01
B010,E0460,2022-05-05,2022-08-14
B001,E0498,2022-09-30,2023-05-27
B007,E0347,2020-04-05,2020-07-04
B006,E0193,2022-08-17,2023-04-19
B006,E0465,2021-06-27,2021-08-22
B003,E0228,2023-05-07,2023-12-27
B004,E0189,2020-05-16,2020-09-16
B001,E0080,2023-12-30,2024-03-31
B007,E0078,2021-07-27,2021-09-26
B008,E0052,2021-10-02,2022-03-18
B005,E0022,2020-09-05,2020-11-20
B005,E0040,2020-06-16,2021-05-05
B008,E0445,2022-03-02,2022-11-10
B006,E0073,2021-12-19,2022-03-13
B003,E0372,2023-03-11,2023-06-19
B007,E0344,2021-04-03,2022-02-23
B008,E0088,2021-08-11,2022-06-02
B004,E0485,2023-01-29,2023-08-15
B002,E0142,2020-10-01,2021-06-25
B002,E0363,2021-07-04,2021-11-12
B006,E0437,2021-11-27,2022-04-07
B005,E0300,2021-03-08,2022-02-21
B006,E0132,2021-12-04,2022-02-15
B006,E0397,2022-10-10,2023-04-07
B008,E0063,2020-03-18,2020-07-07
B010,E0245,2020-09-29,2020-12-05
B003,E0358,2023-06-07,2024-02-18
B006,E0478,2023-03-17,2023-10-04
