Username,Password
CS0001,CS0001@123
CS0002,CS0002@123
CS0003,CS0003@123
CS0004,CS0004@123
CS0005,CS0005@123
CS0006,CS0006@123
CS0007,CS0007@123
CS0008,CS0008@123
CS0009,CS0009@123
CS0010,CS0010@123
CS0011,CS0011@123
CS0012,CS0012@123
CS0013,CS0013@123
CS0014,CS0014@123
CS0015,CS0015@123
CS0016,CS0016@123
CS0017,CS0017@123
CS0018,CS0018@123
CS0019,CS0019@123
CS0020,CS0020@123
CS0021,CS0021@123
CS0022,CS0022@123
CS0023,CS0023@123
CS0024,CS0024@123
CS0025,CS0025@123
CS0026,CS0026@123
CS0027,CS0027@123
CS0028,CS0028@123
CS0029,CS0029@123
CS0030,CS0030@123
CS0031,CS0031@123
CS0032,CS0032@123
CS0033,CS0033@123
CS0034,CS0034@123
CS0035,CS0035@123
CS0036,CS0036@123
CS0037,CS0037@123
CS0038,CS0038@123
CS0039,CS0039@123
CS0040,CS0040@123
CS0041,CS0041@123
CS0042,CS0042@123
CS0043,CS0043@123
CS0044,CS0044@123
CS0045,CS0045@123
CS0046,CS0046@123
CS0047,CS0047@123
CS0048,CS0048@123
CS0049,CS0049@123
CS0050,CS0050@123
CS0051,CS0051@123
CS0052,CS0052@123
CS0053,CS0053@123
CS0054,CS0054@123
CS0055,CS0055@123
CS0056,CS0056@123
CS0057,CS0057@123
CS0058,CS0058@123
CS0059,CS0059@123
CS0060,CS0060@123
CS0061,CS0061@123
CS0062,CS0062@123
CS0063,CS0063@123
CS0064,CS0064@123
CS0065,CS0065@123
CS0066,CS0066@123
CS0067,CS0067@123
CS0068,CS0068@123
CS0069,CS0069@123
CS0070,CS0070@123
DT0001,DT0001@123
DT0002,DT0002@123
DT0003,DT0003@123
DT0004,DT0004@123
DT0005,DT0005@123
DT0006,DT0006@123
DT0007,DT0007@123
DT0008,DT0008@123
DT0009,DT0009@123
DT0010,DT0010@123
DT0011,DT0011@123
DT0012,DT0012@123
DT0013,DT0013@123
DT0014,DT0014@123
DT0015,DT0015@123
DT0016,DT0016@123
DT0017,DT0017@123
DT0018,DT0018@123
DT0019,DT0019@123
DT0020,DT0020@123
DT0021,DT0021@123
DT0022,DT0022@123
DT0023,DT0023@123
DT0024,DT0024@123
DT0025,DT0025@123
DT0026,DT0026@123
DT0027,DT0027@123
DT0028,DT0028@123
DT0029,DT0029@123
DT0030,DT0030@123
DT0031,DT0031@123
DT0032,DT0032@123
DT0033,DT0033@123
DT0034,DT0034@123
DT0035,DT0035@123
DT0036,DT0036@123
DT0037,DT0037@123
DT0038,DT0038@123
DT0039,DT0039@123
DT0040,DT0040@123
DT0041,DT0041@123
DT0042,DT0042@123
DT0043,DT0043@123
DT0044,DT0044@123
DT0045,DT0045@123
DT0046,DT0046@123
DT0047,DT0047@123
DT0048,DT0048@123
DT0049,DT0049@123
DT0050,DT0050@123
DT0051,DT0051@123
DT0052,DT0052@123
DT0053,DT0053@123
DT0054,DT0054@123
DT0055,DT0055@123
DT0056,DT0056@123
DT0057,DT0057@123
DT0058,DT0058@123
DT0059,DT0059@123
DT0060,DT0060@123
DT0061,DT0061@123
DT0062,DT0062@123
DT0063,DT0063@123
DT0064,DT0064@123
DT0065,DT0065@123
DT0066,DT0066@123
DT0067,DT0067@123
DT0068,DT0068@123
DT0069,DT0069@123
DT0070,DT0070@123
DT0071,DT0071@123
DT0072,DT0072@123
DT0073,DT0073@123
DT0074,DT0074@123
DT0075,DT0075@123
DT0076,DT0076@123
DT0077,DT0077@123
DT0078,DT0078@123
DT0079,DT0079@123
DT0080,DT0080@123
DT0081,DT0081@123
DT0082,DT0082@123
DT0083,DT0083@123
DT0084,DT0084@123
DT0085,DT0085@123
DT0086,DT0086@123
DT0087,DT0087@123
DT0088,DT0088@123
DT0089,DT0089@123
DT0090,DT0090@123
DT0091,DT0091@123
DT0092,DT0092@123
DT0093,DT0093@123
DT0094,DT0094@123
DT0095,DT0095@123
DT0096,DT0096@123
DT0097,DT0097@123
DT0098,DT0098@123
DT0099,DT0099@123
DT0100,DT0100@123
DT0101,DT0101@123
DT0102,DT0102@123
DT0103,DT0103@123
DT0104,DT0104@123
DT0105,DT0105@123
DT0106,DT0106@123
DT0107,DT0107@123
DT0108,DT0108@123
DT0109,DT0109@123
DT0110,DT0110@123
DT0111,DT0111@123
DT0112,DT0112@123
DT0113,DT0113@123
DT0114,DT0114@123
DT0115,DT0115@123
DT0116,DT0116@123
DT0117,DT0117@123
DT0118,DT0118@123
DT0119,DT0119@123
DT0120,DT0120@123
MN0001,MN0001@123
MN0002,MN0002@123
MN0003,MN0003@123
MN0004,MN0004@123
MN0005,MN0005@123
MN0006,MN0006@123
MN0007,MN0007@123
MN0008,MN0008@123
MN0009,MN0009@123
MN0010,MN0010@123
NS0001,NS0001@123
NS0002,NS0002@123
NS0003,NS0003@123
NS0004,NS0004@123
NS0005,NS0005@123
NS0006,NS0006@123
NS0007,NS0007@123
NS0008,NS0008@123
NS0009,NS0009@123
NS0010,NS0010@123
NS0011,NS0011@123
NS0012,NS0012@123
NS0013,NS0013@123
NS0014,NS0014@123
NS0015,NS0015@123
NS0016,NS0016@123
NS0017,NS0017@123
NS0018,NS0018@123
NS0019,NS0019@123
NS0020,NS0020@123
NS0021,NS0021@123
NS0022,NS0022@123
NS0023,NS0023@123
NS0024,NS0024@123
NS0025,NS0025@123
NS0026,NS0026@123
NS0027,NS0027@123
NS0028,NS0028@123
NS0029,NS0029@123
NS0030,NS0030@123
NS0031,NS0031@123
NS0032,NS0032@123
NS0033,NS0033@123
NS0034,NS0034@123
NS0035,NS0035@123
NS0036,NS0036@123
NS0037,NS0037@123
NS0038,NS0038@123
NS0039,NS0039@123
NS0040,NS0040@123
NS0041,NS0041@123
NS0042,NS0042@123
NS0043,NS0043@123
NS0044,NS0044@123
NS0045,NS0045@123
NS0046,NS0046@123
NS0047,NS0047@123
NS0048,NS0048@123
NS0049,NS0049@123
NS0050,NS0050@123
NS0051,NS0051@123
NS0052,NS0052@123
NS0053,NS0053@123
NS0054,NS0054@123
NS0055,NS0055@123
NS0056,NS0056@123
NS0057,NS0057@123
NS0058,NS0058@123
NS0059,NS0059@123
NS0060,NS0060@123
NS0061,NS0061@123
NS0062,NS0062@123
NS0063,NS0063@123
NS0064,NS0064@123
NS0065,NS0065@123
NS0066,NS0066@123
NS0067,NS0067@123
NS0068,NS0068@123
NS0069,NS0069@123
NS0070,NS0070@123
NS0071,NS0071@123
NS0072,NS0072@123
NS0073,NS0073@123
NS0074,NS0074@123
NS0075,NS0075@123
NS0076,NS0076@123
NS0077,NS0077@123
NS0078,NS0078@123
NS0079,NS0079@123
NS0080,NS0080@123
NS0081,NS0081@123
NS0082,NS0082@123
NS0083,NS0083@123
NS0084,NS0084@123
NS0085,NS0085@123
NS0086,NS0086@123
NS0087,NS0087@123
NS0088,NS0088@123
NS0089,NS0089@123
NS0090,NS0090@123
NS0091,NS0091@123
NS0092,NS0092@123
NS0093,NS0093@123
NS0094,NS0094@123
NS0095,NS0095@123
NS0096,NS0096@123
NS0097,NS0097@123
NS0098,NS0098@123
NS0099,NS0099@123
NS0100,NS0100@123
NS0101,NS0101@123
NS0102,NS0102@123
NS0103,NS0103@123
NS0104,NS0104@123
NS0105,NS0105@123
NS0106,NS0106@123
NS0107,NS0107@123
NS0108,NS0108@123
NS0109,NS0109@123
NS0110,NS0110@123
NS0111,NS0111@123
NS0112,NS0112@123
NS0113,NS0113@123
NS0114,NS0114@123
NS0115,NS0115@123
NS0116,NS0116@123
NS0117,NS0117@123
NS0118,NS0118@123
NS0119,NS0119@123
NS0120,NS0120@123
NS0121,NS0121@123
NS0122,NS0122@123
NS0123,NS0123@123
NS0124,NS0124@123
NS0125,NS0125@123
NS0126,NS0126@123
NS0127,NS0127@123
NS0128,NS0128@123
NS0129,NS0129@123
NS0130,NS0130@123
NS0131,NS0131@123
NS0132,NS0132@123
NS0133,NS0133@123
NS0134,NS0134@123
NS0135,NS0135@123
NS0136,NS0136@123
NS0137,NS0137@123
NS0138,NS0138@123
NS0139,NS0139@123
NS0140,NS0140@123
NS0141,NS0141@123
NS0142,NS0142@123
NS0143,NS0143@123
NS0144,NS0144@123
NS0145,NS0145@123
NS0146,NS0146@123
NS0147,NS0147@123
NS0148,NS0148@123
NS0149,NS0149@123
NS0150,NS0150@123
RC0001,RC0001@123
RC0002,RC0002@123
RC0003,RC0003@123
RC0004,RC0004@123
RC0005,RC0005@123
RC0006,RC0006@123
RC0007,RC0007@123
RC0008,RC0008@123
RC0009,RC0009@123
RC0010,RC0010@123
RC0011,RC0011@123
RC0012,RC0012@123
RC0013,RC0013@123
RC0014,RC0014@123
RC0015,RC0015@123
RC0016,RC0016@123
RC0017,RC0017@123
RC0018,RC0018@123
RC0019,RC0019@123
RC0020,RC0020@123
RC0021,RC0021@123
RC0022,RC0022@123
RC0023,RC0023@123
RC0024,RC0024@123
RC0025,RC0025@123
RC0026,RC0026@123
RC0027,RC0027@123
RC0028,RC0028@123
RC0029,RC0029@123
RC0030,RC0030@123
RC0031,RC0031@123
RC0032,RC0032@123
RC0033,RC0033@123
RC0034,RC0034@123
RC0035,RC0035@123
RC0036,RC0036@123
RC0037,RC0037@123
RC0038,RC0038@123
RC0039,RC0039@123
RC0040,RC0040@123
RC0041,RC0041@123
RC0042,RC0042@123
RC0043,RC0043@123
RC0044,RC0044@123
RC0045,RC0045@123
RC0046,RC0046@123
RC0047,RC0047@123
RC0048,RC0048@123
RC0049,RC0049@123
RC0050,RC0050@123
RC0051,RC0051@123
RC0052,RC0052@123
RC0053,RC0053@123
RC0054,RC0054@123
RC0055,RC0055@123
RC0056,RC0056@123
RC0057,RC0057@123
RC0058,RC0058@123
RC0059,RC0059@123
RC0060,RC0060@123
RC0061,RC0061@123
RC0062,RC0062@123
RC0063,RC0063@123
RC0064,RC0064@123
RC0065,RC0065@123
RC0066,RC0066@123
RC0067,RC0067@123
RC0068,RC0068@123
RC0069,RC0069@123
RC0070,RC0070@123
RC0071,RC0071@123
RC0072,RC0072@123
SP0001,SP0001@123
SP0002,SP0002@123
SP0003,SP0003@123
SP0004,SP0004@123
SP0005,SP0005@123
SP0006,SP0006@123
SP0007,SP0007@123
SP0008,SP0008@123
SP0009,SP0009@123
SP0010,SP0010@123
SP0011,SP0011@123
SP0012,SP0012@123
SP0013,SP0013@123
SP0014,SP0014@123
SP0015,SP0015@123
SP0016,SP0016@123
SP0017,SP0017@123
SP0018,SP0018@123
SP0019,SP0019@123
SP0020,SP0020@123
SP0021,SP0021@123
SP0022,SP0022@123
SP0023,SP0023@123
SP0024,SP0024@123
SP0025,SP0025@123
SP0026,SP0026@123
SP0027,SP0027@123
SP0028,SP0028@123
SP0029,SP0029@123
SP0030,SP0030@123
SP0031,SP0031@123
SP0032,SP0032@123
SP0033,SP0033@123
SP0034,SP0034@123
SP0035,SP0035@123
SP0036,SP0036@123
SP0037,SP0037@123
SP0038,SP0038@123
SP0039,SP0039@123
SP0040,SP0040@123
SP0041,SP0041@123
SP0042,SP0042@123
SP0043,SP0043@123
SP0044,SP0044@123
SP0045,SP0045@123
SP0046,SP0046@123
SP0047,SP0047@123
SP0048,SP0048@123
SP0049,SP0049@123
SP0050,SP0050@123
SP0051,SP0051@123
SP0052,SP0052@123
SP0053,SP0053@123
SP0054,SP0054@123
SP0055,SP0055@123
SP0056,SP0056@123
SP0057,SP0057@123
SP0058,SP0058@123
SP0059,SP0059@123
SP0060,SP0060@123
SP0061,SP0061@123
SP0062,SP0062@123
SP0063,SP0063@123
SP0064,SP0064@123
SP0065,SP0065@123
SP0066,SP0066@123
SP0067,SP0067@123
SP0068,SP0068@123
SP0069,SP0069@123
SP0070,SP0070@123
SP0071,SP0071@123
SP0072,SP0072@123
SP0073,SP0073@123
SP0074,SP0074@123
SP0075,SP0075@123
SP0076,SP0076@123
SP0077,SP0077@123
SP0078,SP0078@123
