BranchID,ServiceID
B006,SRV48374
B009,SRV164951
B009,SRV54590
B002,SRV195432
B001,SRV50442
B002,SRV192743
B008,SRV97003
B001,SRV68898
B001,SRV105468
B005,SRV12871
B007,SRV182919
B010,SRV123569
B001,SRV97119
B006,SRV179198
B004,SRV107092
B004,SRV178959
B001,SRV149870
B006,SRV72286
B002,SRV50044
B010,SRV171369
B009,SRV42234
B005,SRV89971
B004,SRV85581
B008,SRV79684
B010,SRV88588
B007,SRV23252
B004,SRV189558
B008,SRV137424
B008,SRV84053
B001,SRV44647
B007,SRV195995
B010,SRV39941
B002,SRV91531
B001,SRV22733
B006,SRV87563
B002,SRV35473
B004,SRV76829
B010,SRV24229
B008,SRV93563
B004,SRV40016
B004,SRV107414
B010,SRV13421
B005,SRV186849
B001,SRV119641
B005,SRV58237
B008,SRV102325
B001,SRV36673
B002,SRV24357
B006,SRV152471
B001,SRV32495
B009,SRV60302
B007,SRV42617
B009,SRV124426
B003,SRV112382
B010,SRV124683
B002,SRV184021
B005,SRV96047
B003,SRV62136
B003,SRV173184
B008,SRV28175
B005,SRV14737
B002,SRV5519
B006,SRV75609
B009,SRV102466
B002,SRV27828
B004,SRV24487
B006,SRV46749
B004,SRV193382
B008,SRV189235
B002,SRV190782
B006,SRV53302
B006,SRV76874
B002,SRV45877
B007,SRV192401
B007,SRV103722
B001,SRV114213
B009,SRV10772
B004,SRV198491
B010,SRV71085
B001,SRV122646
B008,SRV72229
B006,SRV136968
B001,SRV172222
B009,SRV184066
B002,SRV199368
B007,SRV166825
B003,SRV26367
B009,SRV187897
B009,SRV53648
B001,SRV1544
B010,SRV32183
B005,SRV51562
B005,SRV183263
B004,SRV55166
B001,SRV153789
B008,SRV61171
B004,SRV178716
B007,SRV147521
B009,SRV122054
B007,SRV176295
B002,SRV61405
B007,SRV11747
B006,SRV2765
B001,SRV95610
B004,SRV159732
B005,SRV21408
B008,SRV24342
B010,SRV156237
B007,SRV74425
B003,SRV190336
B003,SRV103310
B009,SRV151422
B006,SRV77328
B010,SRV31683
B008,SRV20979
B009,SRV74750
B010,SRV133786
B006,SRV79266
B006,SRV2031
B001,SRV102416
B004,SRV92020
B004,SRV60907
B008,SRV144726
B010,SRV117553
B006,SRV53117
B007,SRV197234
B003,SRV148710
B007,SRV74707
B002,SRV154384
B004,SRV185637
B004,SRV40528
B010,SRV172373
B007,SRV158954
B005,SRV69355
B005,SRV148835
B005,SRV96045
B004,SRV14106
B007,SRV12132
B010,SRV38946
B009,SRV6807
B005,SRV161013
B007,SRV199420
B005,SRV14397
B001,SRV180978
B009,SRV134803
B001,SRV66502
B010,SRV114475
B008,SRV192712
B005,SRV42188
B010,SRV73045
B002,SRV7149
B005,SRV69012
B010,SRV13701
B009,SRV34135
B001,SRV42995
B009,SRV57512
B001,SRV58857
B004,SRV96638
B001,SRV196403
B005,SRV153302
B002,SRV169114
B010,SRV191258
B007,SRV178845
B006,SRV79786
B002,SRV56019
B003,SRV144325
B002,SRV58971
B003,SRV48201
B009,SRV20274
B006,SRV147292
B006,SRV94781
B005,SRV198874
B002,SRV189674
B007,SRV127386
B008,SRV29261
B010,SRV161983
B001,SRV23022
B010,SRV143744
B004,SRV127332
B003,SRV198732
B003,SRV7625
B003,SRV123281
B007,SRV123986
B009,SRV79353
B007,SRV37473
B004,SRV116923
B004,SRV146485
B009,SRV32630
B010,SRV130876
B009,SRV108464
B007,SRV32340
B008,SRV33658
B002,SRV59666
B006,SRV172082
B004,SRV166837
B005,SRV40662
B001,SRV13323
B003,SRV153407
B001,SRV114876
B009,SRV133554
B004,SRV40826
B001,SRV65858
B009,SRV179379
B008,SRV47612
B002,SRV104671
B006,SRV116114
B006,SRV124352
B006,SRV191031
B001,SRV14416
B007,SRV57857
B003,SRV196542
B002,SRV114325
B005,SRV51807
B008,SRV107004
B008,SRV18514
B009,SRV163021
B001,SRV192939
B001,SRV62898
B005,SRV4078
B004,SRV178284
B007,SRV85147
B006,SRV117235
B008,SRV87424
B002,SRV33655
B006,SRV29739
B003,SRV27382
B001,SRV97550
B002,SRV97946
B001,SRV114589
B003,SRV43472
B008,SRV113655
B001,SRV50135
B010,SRV164804
B010,SRV194544
B006,SRV179685
B010,SRV68646
B001,SRV124225
B003,SRV25613
B005,SRV96876
B004,SRV55186
B001,SRV40326
B005,SRV119882
B007,SRV155363
B008,SRV81287
B007,SRV1325
B008,SRV37286
B002,SRV55137
B005,SRV154787
B007,SRV85699
B002,SRV26017
B010,SRV77544
B006,SRV66825
B008,SRV165946
B005,SRV165634
B006,SRV0606
B002,SRV53740
B003,SRV99031
B002,SRV148882
B008,SRV9921
B002,SRV29071
B004,SRV109829
B007,SRV105208
B001,SRV68660
B001,SRV141322
B003,SRV61017
B004,SRV96586
B010,SRV85506
B007,SRV161071
B008,SRV185791
B009,SRV26830
B010,SRV60884
B004,SRV13609
B007,SRV48002
B004,SRV2927
B008,SRV78119
B004,SRV23972
B004,SRV34737
B010,SRV106874
B006,SRV4019
B005,SRV0546
B003,SRV140855
B007,SRV39028
B007,SRV54457
B002,SRV151128
B007,SRV123284
B001,SRV198240
B001,SRV67125
B003,SRV17339
B003,SRV21471
B008,SRV25067
B002,SRV150958
B006,SRV152054
B004,SRV58017
B009,SRV99887
B001,SRV23315
B004,SRV136578
B009,SRV28933
B006,SRV67610
B003,SRV146233
B002,SRV61836
B006,SRV143894
B003,SRV30927
B010,SRV174028
B005,SRV81541
B005,SRV39861
B008,SRV131854
B005,SRV91318
B003,SRV123918
B007,SRV12657
B007,SRV142131
B002,SRV27014
B006,SRV127090
B005,SRV133492
B003,SRV140067
B009,SRV6373
B005,SRV161749
B007,SRV60371
B006,SRV114865
B008,SRV22686
B001,SRV142803
B002,SRV7056
B009,SRV55468
B004,SRV89526
B010,SRV64314
B004,SRV109408
B002,SRV193787
B008,SRV194084
B005,SRV160956
B002,SRV81815
B009,SRV44648
B005,SRV90529
B007,SRV12828
B004,SRV174671
B005,SRV180260
B003,SRV28952
B007,SRV163179
B003,SRV25562
B008,SRV16926
B001,SRV71574
B003,SRV198916
B010,SRV117468
B002,SRV135293
B002,SRV108761
B006,SRV189062
B007,SRV145710
B007,SRV179986
B006,SRV14323
B007,SRV130362
B001,SRV54172
B009,SRV65962
B001,SRV52069
B002,SRV143046
B010,SRV199002
B001,SRV94230
B009,SRV157238
B009,SRV190011
B003,SRV196870
B002,SRV96546
B009,SRV131894
B006,SRV121560
B010,SRV105240
B003,SRV197269
B002,SRV176660
B009,SRV154376
B004,SRV89754
B004,SRV86705
B002,SRV191330
B010,SRV94980
B008,SRV52042
B005,SRV62089
B006,SRV61586
B001,SRV137877
B002,SRV7091
B006,SRV163986
B010,SRV135356
B005,SRV183599
B009,SRV100095
B006,SRV122485
B003,SRV28479
B005,SRV155485
B006,SRV139894
B004,SRV38786
B005,SRV132327
B001,SRV122917
B002,SRV93626
B010,SRV22771
B001,SRV42813
B009,SRV153213
B009,SRV159062
B010,SRV33666
B007,SRV68648
B005,SRV54756
B002,SRV38236
B010,SRV126555
B008,SRV37544
B001,SRV59284
B005,SRV11597
B003,SRV70783
B001,SRV46993
B006,SRV170988
B009,SRV76085
B003,SRV149557
B003,SRV84128
B008,SRV90128
B006,SRV123934
B005,SRV42692
B001,SRV80615
B006,SRV193773
B010,SRV114914
B006,SRV81685
B005,SRV8035
B004,SRV26526
B010,SRV74981
B005,SRV17811
B006,SRV33930
B007,SRV156423
B003,SRV111890
B001,SRV67793
B004,SRV54359
B003,SRV17254
B001,SRV33806
B001,SRV16370
B004,SRV72984
B006,SRV199018
B009,SRV52676
B007,SRV185315
B007,SRV125179
B002,SRV81759
B001,SRV182889
B007,SRV199330
B003,SRV80459
B007,SRV148982
B003,SRV154979
B006,SRV82619
B001,SRV135362
B009,SRV72833
B007,SRV192024
B001,SRV54840
B009,SRV166157
B005,SRV150781
B006,SRV99011
B001,SRV111681
B003,SRV140263
B008,SRV70454
B003,SRV41966
B006,SRV87625
B010,SRV188249
B005,SRV188807
B003,SRV32237
B007,SRV142946
B008,SRV82019
B005,SRV1284
B004,SRV76484
B010,SRV58037
B005,SRV94194
B007,SRV148021
B009,SRV62310
B002,SRV16806
B007,SRV23150
B002,SRV90803
B009,SRV1563
B003,SRV111534
B001,SRV126980
B008,SRV177912
B001,SRV34088
B005,SRV89809
B005,SRV150210
B006,SRV190612
B004,SRV34446
B007,SRV63819
B005,SRV97480
B004,SRV24060
B009,SRV93583
B001,SRV170820
B003,SRV133627
B006,SRV45055
B006,SRV48081
B002,SRV45910
B001,SRV95972
B003,SRV115108
B001,SRV151533
B006,SRV91983
B006,SRV134120
B009,SRV124112
B006,SRV22338
B007,SRV191094
B009,SRV52491
B003,SRV188104
B001,SRV28270
B010,SRV178879
B008,SRV33791
B010,SRV69015
B009,SRV124649
B007,SRV39820
B007,SRV26560
B006,SRV98794
B010,SRV53533
B009,SRV57125
B009,SRV47164
B001,SRV73643
B005,SRV60422
B004,SRV109384
B007,SRV97699
B004,SRV92276
B006,SRV70241
B005,SRV72624
B003,SRV64073
B006,SRV40623
B008,SRV116456
B003,SRV64859
B009,SRV123157
B001,SRV9220
B008,SRV167937
B005,SRV104235
B009,SRV38610
B008,SRV19348
B006,SRV148713
B004,SRV128402
B009,SRV109193
B004,SRV101393
B002,SRV161930
B002,SRV98523
B010,SRV2440
B006,SRV155767
B006,SRV171674
B009,SRV128805
B010,SRV196263
B004,SRV95741
B008,SRV57110
B009,SRV25436
B005,SRV29032
B008,SRV63404
B009,SRV28255
B003,SRV144116
B007,SRV27100
B010,SRV68592
B002,SRV8393
B008,SRV195171
B008,SRV192015
B002,SRV41887
B010,SRV140200
B008,SRV48168
B005,SRV196638
B007,SRV197294
B009,SRV86554
B009,SRV48369
B009,SRV94074
B005,SRV190732
B006,SRV97632
B010,SRV33447
B003,SRV153300
B009,SRV184729
B003,SRV104405
B010,SRV23761
B006,SRV144159
B007,SRV98915
B008,SRV39351
B006,SRV89913
B004,SRV5569
B005,SRV39989
B009,SRV119943
B001,SRV136958
B005,SRV76573
B001,SRV130909
B006,SRV19492
B007,SRV129974
B010,SRV55058
B010,SRV171675
B005,SRV92457
B008,SRV37354
B007,SRV77802
B008,SRV63283
B005,SRV98509
B010,SRV90445
B001,SRV97398
B003,SRV199324
B005,SRV193977
B007,SRV28543
B002,SRV86962
B007,SRV176519
B005,SRV146729
B003,SRV197857
B006,SRV153181
B004,SRV94610
B004,SRV47583
B004,SRV173338
B003,SRV169859
B008,SRV103787
B001,SRV161957
B002,SRV181215
B001,SRV108931
B006,SRV65548
B007,SRV29026
B005,SRV152430
B001,SRV150649
B008,SRV81742
B001,SRV144220
B009,SRV20002
B005,SRV55120
B009,SRV159210
B010,SRV137652
B004,SRV169367
B004,SRV167884
B008,SRV171166
B001,SRV199888
B009,SRV114890
B002,SRV95164
B010,SRV199515
B004,SRV27760
B004,SRV12738
B001,SRV173428
B007,SRV171429
B003,SRV80047
B004,SRV100678
B008,SRV146053
B003,SRV119106
B009,SRV26777
B003,SRV154385
B004,SRV180625
B008,SRV62474
B001,SRV106162
B004,SRV152890
B002,SRV19589
B004,SRV74326
B008,SRV26055
B001,SRV11640
B001,SRV106641
B004,SRV68522
B007,SRV7357
B003,SRV50427
B010,SRV6614
B009,SRV71085
B004,SRV82407
B002,SRV145997
B001,SRV136454
B001,SRV190624
B005,SRV157114
B003,SRV190080
B002,SRV162217
B009,SRV143965
B005,SRV35739
B004,SRV79865
B004,SRV154825
B007,SRV149241
B003,SRV14851
B003,SRV62609
B009,SRV111626
B002,SRV174686
B001,SRV61103
B002,SRV138332
B003,SRV142652
B004,SRV157762
B007,SRV52914
B002,SRV159578
B008,SRV10578
B010,SRV107052
B004,SRV74093
B001,SRV143751
B004,SRV37815
B006,SRV197788
B008,SRV180099
B007,SRV150646
B010,SRV94950
B010,SRV165872
B004,SRV118270
B008,SRV159918
B008,SRV22986
B008,SRV109530
B001,SRV126549
B009,SRV139886
B007,SRV79822
B004,SRV150148
B008,SRV70269
B008,SRV4202
B009,SRV52216
B009,SRV20351
B006,SRV122753
B006,SRV182481
B003,SRV40901
B008,SRV177169
B007,SRV173642
B009,SRV52992
B001,SRV82380
B010,SRV157563
B010,SRV5379
B003,SRV119914
B002,SRV144614
B007,SRV48927
B007,SRV74351
B006,SRV22577
B002,SRV88830
B003,SRV143908
B010,SRV13143
B004,SRV178552
B002,SRV64914
B005,SRV6379
B007,SRV112805
B001,SRV143225
B004,SRV89479
B003,SRV158104
B010,SRV91885
B008,SRV177371
B009,SRV142047
B003,SRV133482
B004,SRV151447
B004,SRV19935
B005,SRV185123
B008,SRV79959
B003,SRV72038
B005,SRV196762
B010,SRV181679
B009,SRV121646
B005,SRV33663
B007,SRV7222
B005,SRV48710
B007,SRV40513
B001,SRV158214
B001,SRV188184
B007,SRV112128
B009,SRV2702
B002,SRV106859
B005,SRV117731
B009,SRV101522
B010,SRV15311
B005,SRV77157
B010,SRV128993
B005,SRV144056
B010,SRV134232
B003,SRV24442
B002,SRV128516
B004,SRV143051
B008,SRV118690
B005,SRV78491
B001,SRV72414
B004,SRV30421
B004,SRV173140
B001,SRV186242
B009,SRV191023
B006,SRV129444
B003,SRV36949
B002,SRV48669
B002,SRV95938
B004,SRV22532
B005,SRV133735
B006,SRV21487
B002,SRV153588
B008,SRV4632
B007,SRV196774
B001,SRV99470
B005,SRV175475
B007,SRV191576
B010,SRV92306
B009,SRV33744
B007,SRV1726
B008,SRV94872
B006,SRV79280
B002,SRV188058
B001,SRV142537
B006,SRV185997
B005,SRV146546
B010,SRV91166
B007,SRV90742
B009,SRV163584
B003,SRV174474
B001,SRV97442
B005,SRV31184
B006,SRV68537
B006,SRV85480
B008,SRV149824
B007,SRV130277
B008,SRV36518
B005,SRV134165
B010,SRV118545
B004,SRV194349
B007,SRV104686
B009,SRV101569
B005,SRV135726
B002,SRV101781
B007,SRV116263
B008,SRV80417
B010,SRV84070
B002,SRV161063
B005,SRV40182
B007,SRV181280
B008,SRV2118
B009,SRV97908
B002,SRV141143
B010,SRV57228
B006,SRV58435
B002,SRV39476
B003,SRV139429
B005,SRV114874
B002,SRV136504
B002,SRV154462
B006,SRV43315
B007,SRV70314
B005,SRV103503
B009,SRV128290
B007,SRV153831
B002,SRV1042
B009,SRV134543
B001,SRV59396
B003,SRV22470
B007,SRV130101
B001,SRV17755
B007,SRV167348
B005,SRV87905
B001,SRV108128
B008,SRV96955
B010,SRV153665
B001,SRV25883
B007,SRV178511
B007,SRV116736
B002,SRV99022
B010,SRV193174
B001,SRV122362
B002,SRV27395
B009,SRV93684
B001,SRV143808
B007,SRV72551
B003,SRV130147
B006,SRV73068
B007,SRV55400
B006,SRV84844
B002,SRV146186
B007,SRV172975
B002,SRV107805
B006,SRV137133
B010,SRV21051
B001,SRV122653
B010,SRV3780
B004,SRV149367
B007,SRV90651
B010,SRV171871
B009,SRV18346
B002,SRV100035
B010,SRV151163
B001,SRV99245
B006,SRV116945
B009,SRV166225
B006,SRV156961
B008,SRV140836
B004,SRV187722
B009,SRV108130
B009,SRV82301
B003,SRV135471
B004,SRV57757
B007,SRV177269
B001,SRV137055
B003,SRV194750
B001,SRV125871
B001,SRV104940
B005,SRV63526
B005,SRV36944
B007,SRV33889
B003,SRV3419
B009,SRV38296
B005,SRV40135
B004,SRV67141
B005,SRV176671
B004,SRV160863
B008,SRV45093
B005,SRV74042
B001,SRV170047
B006,SRV167907
B002,SRV194214
B003,SRV21897
B010,SRV197657
B004,SRV7365
B005,SRV117900
B006,SRV47864
B009,SRV195720
B004,SRV162905
B006,SRV176271
B008,SRV32101
B009,SRV42851
B010,SRV27744
B004,SRV30377
B002,SRV85851
B010,SRV108062
B002,SRV147033
B005,SRV75942
B007,SRV133605
B008,SRV168851
B009,SRV62474
B001,SRV195200
B005,SRV140951
B005,SRV71436
B002,SRV95033
B001,SRV104595
B001,SRV136258
B007,SRV164204
B002,SRV72326
B004,SRV61965
B002,SRV74439
B008,SRV69859
B008,SRV102434
B007,SRV116099
B010,SRV31393
B004,SRV30851
B008,SRV115003
B008,SRV144020
B004,SRV46495
B008,SRV128653
B004,SRV118559
B007,SRV125902
B009,SRV1781
B005,SRV25623
B006,SRV96316
B005,SRV5263
B004,SRV114610
B001,SRV146347
B010,SRV148996
B002,SRV137445
B001,SRV38401
B008,SRV126434
B003,SRV61909
B006,SRV160292
B008,SRV116716
B004,SRV141694
B003,SRV112910
B003,SRV67318
B004,SRV198021
B008,SRV37928
B005,SRV146904
B007,SRV21362
B006,SRV18955
B003,SRV79636
B010,SRV158420
B001,SRV44225
B008,SRV163951
B009,SRV198032
B006,SRV150812
B006,SRV101318
B002,SRV131618
B002,SRV78214
B004,SRV67347
B007,SRV23903
B004,SRV65603
B001,SRV4975
B003,SRV82310
B005,SRV186194
B001,SRV78921
B009,SRV2937
B006,SRV109442
B009,SRV99516
B002,SRV191957
B003,SRV178542
B001,SRV187124
B004,SRV69819
B010,SRV184547
B003,SRV179992
B003,SRV77829
B007,SRV48213
B009,SRV135953
B010,SRV124512
B001,SRV136814
B003,SRV9697
B007,SRV109634
B006,SRV6886
B003,SRV7029
B006,SRV142802
B010,SRV178540
B004,SRV97771
B005,SRV111413
B008,SRV106177
B010,SRV196676
B001,SRV5670
B010,SRV150551
B006,SRV5534
B001,SRV47302
B009,SRV73103
B006,SRV35440
B006,SRV87426
B009,SRV30214
B009,SRV69718
B010,SRV91378
B004,SRV199299
B006,SRV92590
B003,SRV159913
B009,SRV140928
B002,SRV84345
B002,SRV66698
B009,SRV114128
B010,SRV168948
B004,SRV166901
B001,SRV194837
B009,SRV16545
B010,SRV182337
B003,SRV95409
B004,SRV68229
B004,SRV19107
B009,SRV25828
B010,SRV94288
B002,SRV29452
B002,SRV47878
B003,SRV108303
B004,SRV142458
B003,SRV127973
B006,SRV3933
