EmployeeID,FullName,Birthday,Gender,PhoneNumber,StartDate,BaseSalary,MID,Role,Username
E0001,Lý Tuyết Thủy,1987-12-26,Nữ,0568388516,2018-09-05,10026006,E0327,Doctor,DT0001
E0002,Hà Ngọc Toàn,1994-07-27,Nam,0896641605,2015-03-18,21426792,E0372,Doctor,DT0002
E0003,Ngô Công Kiên,2002-09-23,Nam,0896816453,2020-02-28,18141761,E0372,Doctor,DT0003
E0004,Đào Yến Hoa,1982-07-17,Nữ,0752312432,2015-11-09,23128976,E0372,Doctor,DT0004
E0005,Tôn Phúc Hậu,1978-05-19,Nam,0899552717,2016-12-26,22579816,E0325,Doctor,DT0005
E0006,Trần Ánh Hằng,2003-04-28,Nữ,0347700541,2018-05-25,15216518,E0306,Doctor,DT0006
E0007,Dương Phúc Vũ,2002-08-03,Nam,0379359782,2021-08-30,23014372,E0348,Doctor,DT0007
E0008,Đào Minh Tuấn,1995-03-18,Nam,0577889255,2016-02-28,17523859,E0372,Doctor,DT0008
E0009,Trần Thúy Thảo,1992-05-18,Nữ,0718644925,2019-08-02,17353717,E0306,Doctor,DT0009
E0010,Đặng Tuấn Đức,2001-02-20,Nam,0914865281,2022-06-11,10745548,E0323,Doctor,DT0010
E0011,Đặng Thùy Oanh,1997-10-23,Nữ,0773322141,2019-01-22,6611715,E0323,Doctor,DT0011
E0012,Hồ Quang Phong,1990-02-08,Nam,0592706537,2024-10-29,10397276,E0306,Doctor,DT0012
E0013,Đặng Diệu Hoa,1995-02-20,Nữ,0797746886,2017-08-16,23918440,E0285,Doctor,DT0013
E0014,Trần Hùng Sơn,1983-12-16,Nam,0918141247,2023-12-26,10643884,E0272,Doctor,DT0014
E0015,Tăng Đình Dũng,1994-08-16,Nam,0806853615,2016-01-11,13450359,E0325,Doctor,DT0015
E0016,Thái Quang Đức,1976-04-06,Nam,0347277901,2018-07-29,9324677,E0323,Doctor,DT0016
E0017,Tạ Tấn An,1986-06-25,Nam,0814341036,2017-06-02,11017045,E0467,Doctor,DT0017
E0018,Đinh Thị Hằng,1977-10-26,Nữ,0932460953,2016-03-30,22771485,E0306,Doctor,DT0018
E0019,Đỗ Hoàng Loan,1983-05-27,Nữ,0988806706,2022-06-14,8872727,E0467,Doctor,DT0019
E0020,Thái Hoàng Thúy,1986-05-18,Nữ,0519520585,2023-05-20,6544998,E0323,Doctor,DT0020
E0021,Thái Quang Minh,1995-11-04,Nam,0804303054,2022-10-19,22056841,E0424,Doctor,DT0021
E0022,Tôn Bích Dung,1999-05-12,Nữ,0705415667,2020-04-23,14499799,E0327,Doctor,DT0022
E0023,Đỗ Yến Quỳnh,1990-03-17,Nữ,0361692845,2017-02-04,22649817,E0325,Doctor,DT0023
E0024,Dương Tấn Phú,1978-08-04,Nam,0575705964,2018-09-05,15920030,E0272,Doctor,DT0024
E0025,Đào Minh Dũng,1978-05-14,Nam,0597021355,2022-07-12,19630153,E0323,Doctor,DT0025
E0026,Đỗ Ánh Thy,2000-06-11,Nữ,0392856543,2015-05-13,11148530,E0325,Doctor,DT0026
E0027,Đào Tuấn Vũ,1976-02-29,Nam,0344739473,2023-04-02,12242736,E0325,Doctor,DT0027
E0028,Huỳnh Quốc Hoàng,1981-02-01,Nam,0751884422,2024-07-25,8484774,E0325,Doctor,DT0028
E0029,Thái Thu Chi,1997-10-27,Nữ,0805895782,2017-07-07,10072248,E0285,Doctor,DT0029
E0030,Đào Trung Cường,1977-12-13,Nam,0912517785,2018-06-20,19360031,E0325,Doctor,DT0030
E0031,Ngô Anh Anh,1999-09-24,Nam,0382422535,2022-03-05,12105669,E0424,Doctor,DT0031
E0032,Võ Thu Anh,1978-07-16,Nữ,0981829922,2017-10-23,12586799,E0467,Doctor,DT0032
E0033,Trần Mai Như,2000-04-13,Nữ,0596907844,2015-06-18,6952056,E0372,Doctor,DT0033
E0034,Dương Hoàng Hà,1985-12-26,Nữ,0576773592,2024-01-10,19626204,E0272,Doctor,DT0034
E0035,Hoàng Ánh Hằng,1989-04-28,Nữ,0915371473,2023-03-27,17588712,E0348,Doctor,DT0035
E0036,Hà Tấn Cường,1979-05-06,Nam,0525953278,2015-07-27,15737898,E0348,Doctor,DT0036
E0037,Nguyễn Hoàng Nhi,1997-05-16,Nữ,0973395004,2024-11-09,16352900,E0325,Doctor,DT0037
E0038,Đinh Thị Trang,2001-10-20,Nữ,0824565060,2024-11-23,21790274,E0272,Doctor,DT0038
E0039,Hồ Anh Nhật,1991-04-06,Nam,0949912165,2021-03-16,15683866,E0372,Doctor,DT0039
E0040,Mai Yến Nhi,2000-01-09,Nữ,0900025787,2019-02-06,10840809,E0285,Doctor,DT0040
E0041,Quách Tấn Hưng,2002-03-12,Nam,0569495888,2020-10-12,10690271,E0323,Doctor,DT0041
E0042,Đỗ Thúy Hạnh,2000-04-01,Nữ,0894097499,2018-05-12,21934751,E0327,Doctor,DT0042
E0043,Đào Tấn Đạt,1977-04-21,Nam,0530913075,2021-07-18,22121186,E0424,Doctor,DT0043
E0044,Đào Xuân Trúc,1981-10-17,Nữ,0328385786,2019-08-19,12841469,E0348,Doctor,DT0044
E0045,Đinh Ánh Như,1982-10-08,Nữ,0973348434,2020-02-26,23888775,E0323,Doctor,DT0045
E0046,Lý Ánh Bình,1984-04-19,Nữ,0741986652,2022-09-28,22408220,E0323,Doctor,DT0046
E0047,Quách Như Như,1976-11-20,Nữ,0833848421,2018-03-24,8651787,E0323,Doctor,DT0047
E0048,Trịnh Xuân Anh,1985-11-16,Nam,0365712082,2015-07-27,23818795,E0285,Doctor,DT0048
E0049,Bùi Phương Hà,1996-05-03,Nữ,0393802620,2020-05-09,12692631,E0272,Doctor,DT0049
E0050,Nguyễn Phương Châu,1997-03-22,Nữ,0915478872,2017-02-02,15712899,E0327,Doctor,DT0050
E0051,Huỳnh Như Như,1987-03-29,Nữ,0505493296,2017-02-28,9779798,E0323,Doctor,DT0051
E0052,Cao Thanh Thủy,1998-02-11,Nữ,0575304637,2018-09-05,8910436,E0348,Doctor,DT0052
E0053,Trịnh Ánh Chi,1989-10-14,Nữ,0317426841,2018-05-21,6383719,E0272,Doctor,DT0053
E0054,Hoàng Diệu Yến,1991-06-27,Nữ,0895687833,2021-11-22,13410470,E0285,Doctor,DT0054
E0055,Lê Phúc Long,1998-07-28,Nam,0388398225,2020-01-04,23722549,E0323,Doctor,DT0055
E0056,Lý Hoàng Hằng,1980-03-19,Nữ,0807286790,2022-08-18,12892130,E0306,Doctor,DT0056
E0057,Võ Thị Oanh,1988-10-28,Nữ,0910651801,2023-02-10,6730495,E0348,Doctor,DT0057
E0058,Tôn Thu Uyên,1976-06-03,Nữ,0767661825,2018-03-21,19719297,E0424,Doctor,DT0058
E0059,Hoàng Xuân Hùng,1983-01-03,Nam,0347868633,2021-01-09,19188859,E0467,Doctor,DT0059
E0060,Quách Thanh Linh,1990-07-12,Nữ,0890331190,2016-09-27,15249270,E0285,Doctor,DT0060
E0061,Tạ Ngọc Nhi,2001-10-25,Nữ,0838302843,2022-07-15,7633306,E0285,Doctor,DT0061
E0062,Đặng Thu Loan,2000-11-26,Nữ,0564408926,2021-09-15,16759735,E0285,Doctor,DT0062
E0063,Bùi Tuyết Uyên,1977-02-07,Nữ,0546287334,2018-11-11,18789427,E0467,Doctor,DT0063
E0064,Ngô Thành An,1995-10-09,Nam,0563435175,2015-08-25,24870541,E0348,Doctor,DT0064
E0065,Võ Tuấn Nghĩa,1999-01-10,Nam,0901398373,2023-02-15,12391502,E0327,Doctor,DT0065
E0066,Tạ Thanh Trúc,1988-08-07,Nữ,0593638546,2015-03-04,13107089,E0285,Doctor,DT0066
E0067,Võ Ánh Hằng,1998-12-09,Nữ,0871753556,2022-04-11,18054750,E0272,Doctor,DT0067
E0068,Nguyễn Thanh Vũ,2000-03-26,Nam,0996423536,2024-09-09,13424726,E0424,Doctor,DT0068
E0069,Tôn Hùng Lộc,1997-05-25,Nam,0825228728,2021-03-05,17326777,E0272,Doctor,DT0069
E0070,Tôn Văn Cường,1998-07-03,Nam,0531203875,2015-05-19,8494114,E0327,Doctor,DT0070
E0071,Nguyễn Văn Bảo,2002-09-18,Nam,0960084840,2022-02-25,22213640,E0325,Doctor,DT0071
E0072,Hoàng Mỹ Hoa,1983-01-16,Nữ,0984546156,2016-03-14,9231757,E0467,Doctor,DT0072
E0073,Cao Hoàng Linh,2000-05-05,Nữ,0366687002,2017-09-23,13578511,E0272,Doctor,DT0073
E0074,Lâm Công An,1997-06-03,Nam,0333974014,2024-06-24,20559591,E0323,Doctor,DT0074
E0075,Phan Phúc Thắng,1983-01-17,Nam,0814293968,2024-07-15,16552355,E0327,Doctor,DT0075
E0076,Đào Ánh Hà,1992-03-20,Nữ,0363159996,2023-06-22,10695962,E0372,Doctor,DT0076
E0077,Lý Mỹ Thúy,1976-04-30,Nữ,0966296194,2022-02-10,15171333,E0325,Doctor,DT0077
E0078,Hồ Quang Đạt,1978-04-19,Nam,0751104754,2015-12-03,14991649,E0424,Doctor,DT0078
E0079,Dương Thành Vũ,1980-12-10,Nam,0961015819,2015-12-24,12287824,E0348,Doctor,DT0079
E0080,Hồ Hoàng Bình,1992-04-12,Nữ,0598262244,2015-02-20,15792772,E0348,Doctor,DT0080
E0081,Ngô Kim Uyên,1997-02-13,Nữ,0771543799,2016-08-20,8122893,E0424,Doctor,DT0081
E0082,Nguyễn Tuấn Tiến,1995-07-16,Nam,0965756924,2016-03-14,10546274,E0272,Doctor,DT0082
E0083,Bùi Thùy Nhi,2002-01-22,Nữ,0747935646,2022-10-18,12739457,E0325,Doctor,DT0083
E0084,Đinh Thùy Bình,1980-02-09,Nữ,0373741672,2021-04-28,12704177,E0306,Doctor,DT0084
E0085,Thái Hồng Thảo,1985-11-09,Nữ,0897968868,2017-10-31,11172188,E0348,Doctor,DT0085
E0086,Trịnh Đức Nam,1991-02-16,Nam,0552909656,2022-11-13,24015575,E0306,Doctor,DT0086
E0087,Đào Anh Vũ,1975-06-22,Nam,0993756798,2016-02-08,14681819,E0285,Doctor,DT0087
E0088,Đặng Trung Hoàng,1990-06-22,Nam,0325457387,2015-04-11,22199109,E0372,Doctor,DT0088
E0089,Bùi Hoàng Anh,1996-05-11,Nữ,0310512382,2016-02-04,20702409,E0325,Doctor,DT0089
E0090,Vũ Tuấn Khoa,1989-11-05,Nam,0566093796,2021-04-12,20306582,E0325,Doctor,DT0090
E0091,Võ Hoàng Châu,1975-03-14,Nữ,0382553714,2022-11-26,13207361,E0285,Doctor,DT0091
E0092,Hồ Xuân Nhi,1998-09-03,Nữ,0915579249,2022-03-02,16516096,E0306,Doctor,DT0092
E0093,Đặng Công Khoa,1981-01-03,Nam,0728669296,2018-07-06,9954780,E0285,Doctor,DT0093
E0094,Đinh Thùy Giang,1983-05-02,Nữ,0722579050,2020-06-16,24031456,E0424,Doctor,DT0094
E0095,Đào Diệu Uyên,1981-02-14,Nữ,0867721903,2017-03-10,18883028,E0467,Doctor,DT0095
E0096,Đặng Thùy Diệu,1976-06-19,Nữ,0978819148,2018-01-30,13544493,E0467,Doctor,DT0096
E0097,Đinh Bích Tâm,1999-04-25,Nữ,0334074517,2024-03-23,7396217,E0325,Doctor,DT0097
E0098,Trịnh Trung Phong,1985-08-18,Nam,0923309584,2017-05-09,17765218,E0306,Doctor,DT0098
E0099,Lâm Thanh Phát,1989-07-08,Nam,0326042232,2022-11-23,15819191,E0272,Doctor,DT0099
E0100,Hoàng Mai Quỳnh,1986-02-07,Nữ,0867116845,2023-07-16,19176850,E0325,Doctor,DT0100
E0101,Tạ Như Thúy,1996-11-22,Nữ,0386363745,2018-09-02,6082982,E0372,Doctor,DT0101
E0102,Hà Diệu Nhung,1990-02-24,Nữ,0301701277,2021-02-19,10382015,E0306,Doctor,DT0102
E0103,Huỳnh Thanh Hoàng,1994-03-11,Nam,0741520643,2017-04-08,10426268,E0272,Doctor,DT0103
E0104,Phan Diệu Thảo,1979-02-03,Nữ,0593870051,2022-11-22,9193834,E0327,Doctor,DT0104
E0105,Hồ Hoàng Trang,1980-12-05,Nữ,0355426221,2020-05-10,8376603,E0285,Doctor,DT0105
E0106,Đỗ Hoàng Thắng,2002-05-18,Nam,0897311219,2022-04-16,11506837,E0325,Doctor,DT0106
E0107,Vũ Kim Ngọc,1990-10-08,Nữ,0589994043,2019-10-25,16552991,E0424,Doctor,DT0107
E0108,Lý Tuấn Long,1992-07-28,Nam,0579180552,2018-04-25,7831036,E0285,Doctor,DT0108
E0109,Cao Thùy Trúc,2000-06-30,Nữ,0309104300,2019-09-20,18261207,E0467,Doctor,DT0109
E0110,Ngô Hồng Ngọc,1997-09-22,Nữ,0989241418,2018-03-19,22812413,E0348,Doctor,DT0110
E0111,Lâm Đức Tùng,1981-12-20,Nam,0830316179,2021-01-06,16963920,E0348,Doctor,DT0111
E0112,Nguyễn Quang Hùng,1988-11-15,Nam,0575884252,2022-06-21,11893698,E0372,Doctor,DT0112
E0113,Thái Tuyết Quỳnh,1980-04-18,Nữ,0914917785,2023-08-26,6985032,E0323,Doctor,DT0113
E0114,Huỳnh Thanh Nam,1997-05-30,Nam,0913800030,2024-08-20,11599610,E0323,Doctor,DT0114
E0115,Quách Ngọc Bình,1991-04-30,Nữ,0835365419,2019-04-18,11036005,E0424,Doctor,DT0115
E0116,Vũ Yến Linh,1980-05-10,Nữ,0817445187,2020-08-18,7767384,E0424,Doctor,DT0116
E0117,Thái Bảo Trí,1991-07-20,Nam,0575973832,2017-04-01,15784307,E0306,Doctor,DT0117
E0118,Đỗ Văn Tiến,1993-05-24,Nam,0364138367,2015-04-08,13818106,E0467,Doctor,DT0118
E0119,Trần Xuân An,1981-05-21,Nam,0857191826,2022-12-24,15389378,E0372,Doctor,DT0119
E0120,Cao Quang Kiên,2001-07-20,Nam,0745655743,2021-05-14,8089866,E0348,Doctor,DT0120
E0121,Phạm Minh Nhật,1984-02-04,Nam,0856185374,2016-07-11,9656521,E0424,Nurse,NS0001
E0122,Huỳnh Phương Kiều,1986-11-20,Nữ,0335213568,2024-07-23,10023631,E0372,Nurse,NS0002
E0123,Hồ Quốc Vũ,1988-05-28,Nam,0931712100,2017-12-01,11834033,E0327,Nurse,NS0003
E0124,Cao Đức Hậu,1980-11-11,Nam,0941013721,2017-03-22,19441295,E0323,Nurse,NS0004
E0125,Huỳnh Mai Tâm,1980-06-30,Nữ,0870662532,2015-06-24,21468422,E0327,Nurse,NS0005
E0126,Mai Xuân Xuân,1987-07-22,Nữ,0547687014,2020-01-01,10987242,E0327,Nurse,NS0006
E0127,Vũ Lan Hương,1981-02-26,Nữ,0857875985,2019-09-14,12692693,E0467,Nurse,NS0007
E0128,Mai Mỹ Hương,1987-02-17,Nữ,0707859321,2017-01-06,6874528,E0323,Nurse,NS0008
E0129,Tôn Xuân Toàn,1985-10-26,Nam,0852239559,2017-12-27,23907650,E0327,Nurse,NS0009
E0130,Lâm Hoàng Lộc,1990-10-10,Nam,0942701039,2021-05-14,24911495,E0424,Nurse,NS0010
E0131,Bùi Tấn Bình,1975-11-23,Nam,0552500292,2020-11-26,22038649,E0327,Nurse,NS0011
E0132,Đỗ Tuấn Hậu,1998-08-10,Nam,0354522675,2024-08-26,18243671,E0372,Nurse,NS0012
E0133,Cao Phúc Khoa,2000-03-17,Nam,0844220969,2022-10-11,17973078,E0285,Nurse,NS0013
E0134,Vũ Phúc Nam,1983-03-03,Nam,0825135521,2021-10-03,16677587,E0306,Nurse,NS0014
E0135,Vũ Hoàng Thúy,1995-01-13,Nữ,0710067626,2015-02-16,14899052,E0285,Nurse,NS0015
E0136,Phạm Diệu Châu,1991-12-27,Nữ,0527104054,2018-12-09,24321524,E0348,Nurse,NS0016
E0137,Huỳnh Đức Vũ,1978-04-30,Nam,0359970629,2018-11-01,11707783,E0348,Nurse,NS0017
E0138,Phan Bích Uyên,1982-01-17,Nữ,0984443106,2015-08-08,9397648,E0323,Nurse,NS0018
E0139,Ngô Hoàng Dung,1981-11-21,Nữ,0973103241,2015-08-12,18107409,E0327,Nurse,NS0019
E0140,Lý Kim Ngọc,1980-03-07,Nữ,0962565270,2018-06-17,19336791,E0325,Nurse,NS0020
E0141,Châu Kim Châu,1994-09-22,Nữ,0321158693,2020-03-19,14838264,E0285,Nurse,NS0021
E0142,Đinh Hùng Toàn,1992-05-13,Nam,0574160898,2024-03-06,23534951,E0348,Nurse,NS0022
E0143,Huỳnh Hoàng Bình,1980-05-24,Nam,0506163294,2023-06-29,21067273,E0424,Nurse,NS0023
E0144,Hồ Lan Trinh,1978-01-02,Nữ,0787099861,2015-12-23,19022446,E0467,Nurse,NS0024
E0145,Lâm Thanh Dung,1981-09-17,Nữ,0956467997,2016-08-30,9362288,E0372,Nurse,NS0025
E0146,Mai Tấn Hiếu,1982-09-22,Nam,0365307450,2018-02-02,19521562,E0424,Nurse,NS0026
E0147,Hà Thanh Trâm,1988-08-05,Nữ,0547546913,2018-06-27,15406872,E0325,Nurse,NS0027
E0148,Tôn Yến Hiền,1984-06-25,Nữ,0382148628,2024-03-28,19662370,E0325,Nurse,NS0028
E0149,Vũ Hữu Khôi,1982-10-17,Nam,0353457861,2017-02-28,12735272,E0327,Nurse,NS0029
E0150,Dương Minh Tài,1985-11-07,Nam,0985524140,2019-03-06,22400961,E0306,Nurse,NS0030
E0151,Trịnh Mỹ Oanh,1977-03-24,Nữ,0768007229,2016-10-29,13191338,E0285,Nurse,NS0031
E0152,Ngô Tuấn Vinh,1985-01-14,Nam,0843748969,2017-10-30,16249526,E0272,Nurse,NS0032
E0153,Trịnh Tấn Nghĩa,1975-05-01,Nam,0741715454,2020-09-26,18557067,E0467,Nurse,NS0033
E0154,Tôn Mỹ Hà,1988-05-27,Nữ,0965207446,2017-02-10,11030792,E0467,Nurse,NS0034
E0155,Lương Mai Hoa,1992-06-01,Nữ,0738758428,2023-04-06,7185109,E0306,Nurse,NS0035
E0156,Tạ Thanh Vũ,1988-03-06,Nam,0551353465,2016-02-04,21796784,E0424,Nurse,NS0036
E0157,Hà Thanh Trúc,1986-09-09,Nữ,0399917381,2021-07-26,15866718,E0325,Nurse,NS0037
E0158,Hà Thu Mai,1998-10-07,Nữ,0556972521,2018-05-07,19861579,E0327,Nurse,NS0038
E0159,Trịnh Ngọc Lan,1989-12-02,Nữ,0843292712,2022-01-28,11933237,E0323,Nurse,NS0039
E0160,Lý Hồng Lan,2003-06-02,Nữ,0383505830,2019-10-25,19535639,E0348,Nurse,NS0040
E0161,Lương Đình Tùng,2003-02-10,Nam,0516894210,2023-03-24,14349118,E0285,Nurse,NS0041
E0162,Đào Thúy Tâm,1988-01-17,Nữ,0557532603,2020-02-11,23457982,E0306,Nurse,NS0042
E0163,Đào Minh Long,1980-11-19,Nam,0706489090,2017-05-15,6735287,E0306,Nurse,NS0043
E0164,Dương Tuấn Long,1975-11-20,Nam,0947230461,2015-07-17,9885261,E0348,Nurse,NS0044
E0165,Châu Thanh Hằng,2002-12-08,Nữ,0914117393,2021-10-16,10602444,E0348,Nurse,NS0045
E0166,Đặng Thùy Linh,1998-06-20,Nữ,0973753001,2017-04-06,18009863,E0348,Nurse,NS0046
E0167,Lê Anh Minh,2000-10-02,Nam,0343744701,2022-07-03,22579380,E0424,Nurse,NS0047
E0168,Thái Ngọc Phú,1976-10-08,Nam,0310022557,2024-07-22,15749816,E0323,Nurse,NS0048
E0169,Phạm Hồng Nhi,1979-03-03,Nữ,0846762120,2019-03-07,17499866,E0424,Nurse,NS0049
E0170,Cao Quốc Khoa,1979-08-27,Nam,0965902771,2019-09-01,22195880,E0306,Nurse,NS0050
E0171,Trịnh Thúy Lan,1994-10-08,Nữ,0999358891,2015-07-08,8125205,E0272,Nurse,NS0051
E0172,Hoàng Lan Xuân,1986-02-24,Nữ,0302877217,2020-05-27,17601427,E0348,Nurse,NS0052
E0173,Đào Mỹ Bình,1985-10-21,Nữ,0863177971,2018-09-17,15333404,E0327,Nurse,NS0053
E0174,Tạ Thị Trang,1995-01-20,Nữ,0860880199,2018-07-18,9983140,E0325,Nurse,NS0054
E0175,Bùi Ánh Hà,1997-10-20,Nữ,0575899757,2021-04-22,12940776,E0325,Nurse,NS0055
E0176,Bùi Đình Quang,1979-05-16,Nam,0985102726,2023-07-08,13440598,E0327,Nurse,NS0056
E0177,Phạm Tuấn Quân,1986-05-29,Nam,0835160917,2021-11-07,12574033,E0285,Nurse,NS0057
E0178,Nguyễn Yến Hà,2001-06-08,Nữ,0969782922,2020-08-27,10517634,E0325,Nurse,NS0058
E0179,Tăng Tuấn Cường,1992-05-18,Nam,0934654722,2022-05-17,16799284,E0467,Nurse,NS0059
E0180,Châu Lan Trinh,2002-01-10,Nữ,0933394522,2022-11-07,23189755,E0272,Nurse,NS0060
E0181,Lý Mai Châu,1980-03-05,Nữ,0884608106,2023-07-14,17819139,E0467,Nurse,NS0061
E0182,Võ Minh Quang,1977-05-19,Nam,0720438057,2022-07-08,7899341,E0285,Nurse,NS0062
E0183,Tạ Thành Đạt,2002-08-21,Nam,0584066658,2024-09-25,24853731,E0285,Nurse,NS0063
E0184,Mai Quốc Hải,1975-08-01,Nam,0798933472,2023-05-05,14433608,E0285,Nurse,NS0064
E0185,Hồ Hữu Phú,1983-05-22,Nam,0784229405,2016-12-12,23241839,E0372,Nurse,NS0065
E0186,Mai Ngọc Xuân,1981-12-11,Nữ,0779851583,2015-06-13,11157429,E0323,Nurse,NS0066
E0187,Ngô Thành Bảo,1998-05-09,Nam,0815335554,2015-10-07,22949697,E0424,Nurse,NS0067
E0188,Châu Văn Long,2002-09-25,Nam,0773993056,2020-12-12,21933563,E0467,Nurse,NS0068
E0189,Nguyễn Anh Sơn,1992-04-23,Nam,0987704358,2017-11-16,24127356,E0272,Nurse,NS0069
E0190,Nguyễn Đức Quân,1979-04-22,Nam,0561386120,2016-11-16,24051439,E0467,Nurse,NS0070
E0191,Trần Thùy Như,1989-11-17,Nữ,0919346676,2015-06-05,8936714,E0372,Nurse,NS0071
E0192,Đinh Thị Xuân,1989-03-11,Nữ,0390158144,2015-03-11,19069513,E0372,Nurse,NS0072
E0193,Hồ Văn Tài,1987-08-18,Nam,0583268424,2023-08-01,20685974,E0348,Nurse,NS0073
E0194,Phạm Ngọc Lan,1975-07-02,Nữ,0996881435,2021-03-17,24625050,E0424,Nurse,NS0074
E0195,Huỳnh Minh Hải,1993-07-05,Nam,0943129087,2022-03-30,23198414,E0424,Nurse,NS0075
E0196,Phạm Hoàng Hậu,1988-01-15,Nam,0855231491,2022-07-14,8260319,E0272,Nurse,NS0076
E0197,Mai Bảo Hậu,1989-04-03,Nam,0599556205,2020-06-13,21121169,E0323,Nurse,NS0077
E0198,Châu Đình Đức,1984-12-08,Nam,0777754781,2022-12-27,20633895,E0272,Nurse,NS0078
E0199,Hà Quang Bảo,2003-12-16,Nam,0541108099,2021-10-20,8750580,E0272,Nurse,NS0079
E0200,Võ Lan Nga,2001-06-20,Nữ,0825639427,2017-05-21,7229981,E0467,Nurse,NS0080
E0201,Cao Xuân Trí,1992-10-18,Nam,0582722992,2019-01-30,22849937,E0327,Nurse,NS0081
E0202,Vũ Hoàng Như,1991-02-04,Nữ,0730385677,2015-06-15,13342351,E0325,Nurse,NS0082
E0203,Lương Anh Thành,1976-10-15,Nam,0798926659,2022-04-10,16874022,E0372,Nurse,NS0083
E0204,Đào Tuấn Vinh,1998-03-06,Nam,0777908272,2017-10-27,18627498,E0285,Nurse,NS0084
E0205,Hoàng Minh Phong,1978-06-17,Nam,0791365177,2020-10-08,15422403,E0285,Nurse,NS0085
E0206,Nguyễn Mỹ Linh,1984-06-14,Nữ,0599228092,2021-08-16,11410526,E0348,Nurse,NS0086
E0207,Hồ Tấn Toàn,1982-06-18,Nam,0341379772,2017-11-23,12041057,E0467,Nurse,NS0087
E0208,Châu Minh Trí,1993-06-05,Nam,0942579913,2021-09-27,10788624,E0306,Nurse,NS0088
E0209,Phan Yến Hằng,1992-04-16,Nữ,0829127990,2016-06-25,9643008,E0327,Nurse,NS0089
E0210,Đinh Văn Phú,1979-03-07,Nam,0965086376,2020-05-29,10373110,E0306,Nurse,NS0090
E0211,Hoàng Kim Trúc,2001-06-03,Nữ,0514986430,2024-01-09,9278835,E0348,Nurse,NS0091
E0212,Nguyễn Tuấn Quân,2000-12-04,Nam,0765126944,2020-11-10,9953671,E0467,Nurse,NS0092
E0213,Tôn Bích Uyên,2000-04-30,Nữ,0987258874,2019-02-06,15246277,E0348,Nurse,NS0093
E0214,Hà Thanh Trâm,2000-11-29,Nữ,0821386589,2018-11-11,19359017,E0424,Nurse,NS0094
E0215,Châu Quang Tài,1982-03-18,Nam,0961143519,2019-05-13,6177524,E0372,Nurse,NS0095
E0216,Lương Tấn Anh,1992-03-28,Nam,0577038430,2019-06-30,23482045,E0272,Nurse,NS0096
E0217,Vũ Văn Phong,2002-08-06,Nam,0346566938,2016-11-25,7210010,E0323,Nurse,NS0097
E0218,Tạ Thành Hậu,1978-01-29,Nam,0754393769,2016-01-05,24441269,E0272,Nurse,NS0098
E0219,Phạm Thành Minh,1986-09-17,Nam,0945184894,2016-12-17,19661171,E0467,Nurse,NS0099
E0220,Tôn Thúy Diệu,1991-12-01,Nữ,0890714163,2021-04-25,22227926,E0285,Nurse,NS0100
E0221,Đinh Văn Trung,1989-02-28,Nam,0541651827,2019-08-17,17847944,E0467,Nurse,NS0101
E0222,Tạ Bích Giang,1990-11-10,Nữ,0533433339,2017-06-14,15028685,E0424,Nurse,NS0102
E0223,Quách Hoàng Giang,1981-12-30,Nữ,0908075957,2023-09-26,9579898,E0372,Nurse,NS0103
E0224,Hồ Mỹ Châu,1997-01-06,Nữ,0508678085,2017-01-19,23150798,E0272,Nurse,NS0104
E0225,Dương Thúy Lan,1982-11-03,Nữ,0336915594,2020-02-16,10038885,E0467,Nurse,NS0105
E0226,Lý Tấn Tiến,1999-08-10,Nam,0727636556,2017-12-12,13957069,E0272,Nurse,NS0106
E0227,Cao Mỹ Trang,1995-03-21,Nữ,0738663227,2017-01-06,10400300,E0306,Nurse,NS0107
E0228,Tăng Anh Bảo,1982-12-03,Nam,0774489061,2019-09-23,22763721,E0424,Nurse,NS0108
E0229,Châu Công Nhật,1977-09-10,Nam,0745588450,2017-06-01,14532545,E0325,Nurse,NS0109
E0230,Lâm Lan Thủy,1980-06-09,Nữ,0755877169,2018-12-09,12675926,E0306,Nurse,NS0110
E0231,Trịnh Thúy Uyên,1995-10-21,Nữ,0996112535,2022-01-31,10860303,E0424,Nurse,NS0111
E0232,Trịnh Hồng Quỳnh,1988-01-26,Nữ,0859876220,2022-12-19,14974884,E0306,Nurse,NS0112
E0233,Phan Minh Hiếu,1985-07-11,Nam,0311780068,2022-06-04,14443872,E0372,Nurse,NS0113
E0234,Trịnh Tuấn Tùng,1979-08-30,Nam,0534722820,2017-12-11,11210143,E0372,Nurse,NS0114
E0235,Dương Thành Thành,1991-01-03,Nam,0972829979,2024-08-25,16911945,E0325,Nurse,NS0115
E0236,Quách Ánh Trúc,1998-06-25,Nữ,0931745642,2022-03-05,23910823,E0272,Nurse,NS0116
E0237,Đỗ Phương Trúc,1975-06-22,Nữ,0907740649,2015-01-01,23559579,E0424,Nurse,NS0117
E0238,Ngô Thành Phú,1975-04-29,Nam,0832663416,2021-02-23,18537408,E0285,Nurse,NS0118
E0239,Trịnh Thành Thành,1998-03-05,Nam,0831224179,2023-07-29,15122279,E0272,Nurse,NS0119
E0240,Bùi Thị Yến,1987-03-17,Nữ,0380214427,2022-11-09,22508646,E0285,Nurse,NS0120
E0241,Lý Hoàng Tiến,1985-06-11,Nam,0847570512,2016-01-05,11056105,E0327,Nurse,NS0121
E0242,Đinh Hùng Khoa,1986-12-15,Nam,0546013673,2023-09-13,19167489,E0372,Nurse,NS0122
E0243,Cao Hoàng Tài,1983-12-08,Nam,0845208814,2020-03-02,9152784,E0467,Nurse,NS0123
E0244,Tăng Ngọc Oanh,2003-08-23,Nữ,0336502491,2018-05-08,12668058,E0323,Nurse,NS0124
E0245,Thái Diệu Kiều,1985-11-26,Nữ,0551327195,2015-02-06,7409063,E0306,Nurse,NS0125
E0246,Thái Công Đức,1977-09-06,Nam,0835857306,2018-12-27,11164645,E0467,Nurse,NS0126
E0247,Lương Như Bình,1981-01-16,Nữ,0787392855,2017-10-23,7325015,E0325,Nurse,NS0127
E0248,Lê Yến Yến,1987-05-08,Nữ,0844857086,2024-09-23,24606614,E0424,Nurse,NS0128
E0249,Vũ Ngọc Minh,1975-11-03,Nam,0963878294,2021-12-13,18216336,E0306,Nurse,NS0129
E0250,Phạm Yến Thảo,1993-05-20,Nữ,0322031731,2022-03-10,16805334,E0372,Nurse,NS0130
E0251,Đào Tấn Hậu,2000-08-12,Nam,0705391037,2022-03-13,19039212,E0325,Nurse,NS0131
E0252,Đinh Trung Sơn,1995-12-30,Nam,0394801413,2023-12-25,8036760,E0323,Nurse,NS0132
E0253,Hồ Hoàng Bình,1979-07-17,Nam,0939288619,2023-02-18,13751677,E0467,Nurse,NS0133
E0254,Huỳnh Thùy Bình,1995-07-30,Nữ,0885289755,2022-11-17,20330258,E0372,Nurse,NS0134
E0255,Mai Mỹ Châu,1991-09-04,Nữ,0936845776,2019-08-16,20448138,E0323,Nurse,NS0135
E0256,Hoàng Bảo Hùng,1976-07-21,Nam,0733504888,2018-03-11,6547019,E0467,Nurse,NS0136
E0257,Hoàng Quang Trung,1979-03-25,Nam,0793344196,2015-06-04,21447447,E0323,Nurse,NS0137
E0258,Huỳnh Hùng Toàn,1978-06-18,Nam,0394096105,2023-02-11,16894857,E0325,Nurse,NS0138
E0259,Tạ Xuân Lan,1994-06-25,Nữ,0804805892,2019-09-03,10044668,E0285,Nurse,NS0139
E0260,Trần Hồng Thy,1997-07-15,Nữ,0998136462,2022-10-29,13408723,E0424,Nurse,NS0140
E0261,Tạ Hữu Vũ,1990-01-29,Nam,0841686227,2015-12-05,21967032,E0306,Nurse,NS0141
E0262,Mai Anh Kiên,1996-11-19,Nam,0514659116,2019-06-08,12580000,E0467,Nurse,NS0142
E0263,Đỗ Xuân Hương,1991-05-21,Nữ,0725979270,2018-11-27,12391775,E0323,Nurse,NS0143
E0264,Tôn Đức Long,1983-12-16,Nam,0339240514,2022-09-08,18543344,E0424,Nurse,NS0144
E0265,Tạ Lan Oanh,1996-02-19,Nữ,0588487920,2015-04-04,17135934,E0285,Nurse,NS0145
E0266,Võ Thùy Hà,2001-02-24,Nữ,0739407016,2022-06-10,23676444,E0327,Nurse,NS0146
E0267,Đặng Hồng Trâm,1991-02-27,Nữ,0881579812,2024-09-10,9620235,E0327,Nurse,NS0147
E0268,Trần Xuân An,1997-06-16,Nam,0757620555,2020-02-19,24813551,E0327,Nurse,NS0148
E0269,Trịnh Kim Vân,1985-08-05,Nữ,0384325621,2020-08-15,15256938,E0327,Nurse,NS0149
E0270,Vũ Mai Yến,1998-05-11,Nữ,0849578232,2022-08-09,13631216,E0348,Nurse,NS0150
E0271,Ngô Quang Toàn,1981-03-12,Nam,0551881252,2018-06-19,23575995,E0424,SalePerson,SP0001
E0272,Ngô Bảo Nhật,1989-04-18,Nam,0723122099,2024-11-14,19892882,E0272,Manager,MN0001
E0273,Đỗ Đức Tài,2001-10-01,Nam,0589752677,2017-08-09,13748133,E0327,Cashier,CS0001
E0274,Tôn Văn Thành,1983-09-02,Nam,0833312797,2017-07-15,7081444,E0348,Receptionist,RC0001
E0275,Hồ Ngọc Kiều,1995-07-11,Nữ,0856999880,2024-12-14,14280691,E0348,SalePerson,SP0002
E0276,Đào Thành Hiếu,1995-04-05,Nam,0386803476,2020-02-15,7423241,E0285,SalePerson,SP0003
E0277,Mai Ngọc Loan,1995-09-11,Nữ,0577181298,2016-11-12,20175478,E0272,Cashier,CS0002
E0278,Huỳnh Như Duyên,1993-07-20,Nữ,0571452111,2018-08-17,21129218,E0327,Receptionist,RC0002
E0279,Lương Hồng Hằng,2003-06-11,Nữ,0926860259,2019-01-26,8862412,E0467,SalePerson,SP0004
E0280,Tôn Hữu Cường,1982-04-10,Nam,0747421230,2024-09-28,10852218,E0424,SalePerson,SP0005
E0281,Đinh Thị Kiều,1975-07-20,Nữ,0833977671,2020-02-22,22697611,E0325,SalePerson,SP0006
E0282,Mai Thành Quân,1985-12-23,Nam,0322050209,2024-11-22,24365736,E0272,SalePerson,SP0007
E0283,Ngô Thùy Phương,1989-11-07,Nữ,0799982795,2015-12-26,7645219,E0372,SalePerson,SP0008
E0284,Châu Đức Phú,1988-06-04,Nam,0914721458,2018-08-15,18367137,E0348,Receptionist,RC0003
E0285,Mai Ngọc Trang,1998-07-14,Nữ,0981794695,2017-05-09,13014586,E0285,Manager,MN0002
E0286,Đào Diệu Giang,1980-10-26,Nữ,0593430107,2021-11-21,24878875,E0325,Cashier,CS0003
E0287,Trần Ngọc Vinh,1984-04-19,Nam,0930344144,2023-12-20,19912744,E0348,SalePerson,SP0009
E0288,Hồ Mai Xuân,1975-04-11,Nữ,0323557702,2016-04-11,17183118,E0323,SalePerson,SP0010
E0289,Dương Trung Anh,2003-02-19,Nam,0949588039,2020-03-01,24017640,E0323,Cashier,CS0004
E0290,Châu Thị Nhung,1990-11-11,Nữ,0882996291,2015-09-29,11009841,E0272,SalePerson,SP0011
E0291,Lý Mỹ Hiền,1976-06-02,Nữ,0843842150,2018-01-17,19887158,E0372,Cashier,CS0005
E0292,Tăng Anh Thắng,1994-11-27,Nam,0557845218,2020-09-03,6836672,E0325,Receptionist,RC0004
E0293,Hồ Anh Long,1984-03-15,Nam,0340915701,2023-02-15,7226499,E0325,SalePerson,SP0012
E0294,Bùi Bích Hoa,1976-01-04,Nữ,0748571422,2021-06-23,16473777,E0285,SalePerson,SP0013
E0295,Phạm Hoàng Bảo,1975-09-07,Nam,0785424932,2021-12-26,24777924,E0467,Cashier,CS0006
E0296,Trần Thu Hương,2002-07-05,Nữ,0801601662,2018-10-19,24138757,E0325,Receptionist,RC0005
E0297,Châu Bích Nga,2002-08-24,Nữ,0379217174,2018-12-27,16483768,E0323,SalePerson,SP0014
E0298,Hà Xuân Như,1996-02-09,Nữ,0762557701,2017-08-07,13509295,E0424,SalePerson,SP0015
E0299,Đặng Đình Nghĩa,1990-10-07,Nam,0928161581,2020-05-14,21476702,E0424,Cashier,CS0007
E0300,Mai Mỹ Bình,1992-12-23,Nữ,0576153966,2021-08-15,19872808,E0285,Cashier,CS0008
E0301,Cao Hoàng Châu,1999-06-05,Nữ,0819975817,2022-10-14,13924024,E0424,SalePerson,SP0016
E0302,Tôn Hồng Trinh,1993-03-15,Nữ,0801329022,2015-10-13,9648864,E0306,Receptionist,RC0006
E0303,Phan Thúy Anh,1992-06-29,Nữ,0946519098,2021-11-26,21004192,E0285,Cashier,CS0009
E0304,Trần Văn Vũ,1988-03-12,Nam,0714036965,2015-09-13,18389064,E0467,Cashier,CS0010
E0305,Phan Thùy Trúc,1993-03-19,Nữ,0538656242,2019-04-12,20602554,E0467,SalePerson,SP0017
E0306,Hoàng Hùng Phú,1975-07-10,Nam,0512679692,2015-10-21,6527066,E0306,Manager,MN0003
E0307,Đỗ Mỹ Thủy,1999-10-06,Nữ,0890973846,2024-03-13,21101030,E0348,Cashier,CS0011
E0308,Phạm Mai Trúc,1976-07-02,Nữ,0328478189,2015-06-05,22215787,E0323,SalePerson,SP0018
E0309,Thái Phúc Tùng,1996-03-11,Nam,0905807787,2022-01-27,8619994,E0467,Receptionist,RC0007
E0310,Huỳnh Ngọc Kiều,1993-11-19,Nữ,0794079290,2018-12-16,15885737,E0272,SalePerson,SP0019
E0311,Lê Thu Hằng,2003-01-02,Nữ,0344294440,2015-04-22,15623936,E0325,SalePerson,SP0020
E0312,Đỗ Minh Trung,2002-02-01,Nam,0572805129,2016-12-16,11071269,E0325,SalePerson,SP0021
E0313,Cao Như Phương,1993-07-10,Nữ,0595041027,2023-08-22,18856950,E0285,Receptionist,RC0008
E0314,Hồ Hồng Trúc,1988-07-08,Nữ,0728604765,2020-05-04,23868434,E0285,Cashier,CS0012
E0315,Mai Thanh Tiến,1979-05-15,Nam,0741496739,2020-12-16,17872500,E0348,SalePerson,SP0022
E0316,Cao Thị Thảo,1983-01-26,Nữ,0361817534,2018-07-07,24374828,E0327,Receptionist,RC0009
E0317,Mai Hoàng Nghĩa,1976-07-11,Nam,0311926921,2015-04-08,9085037,E0327,Cashier,CS0013
E0318,Trịnh Quốc Thành,1986-05-13,Nam,0854214066,2018-04-21,21668429,E0372,SalePerson,SP0023
E0319,Dương Đức Lộc,1986-08-01,Nam,0596271286,2024-02-12,14880678,E0424,Cashier,CS0014
E0320,Trần Đức Minh,1994-10-22,Nam,0947072006,2023-01-09,14690472,E0372,Receptionist,RC0010
E0321,Lương Hùng Tài,1989-10-17,Nam,0861830671,2019-05-22,6124277,E0467,Cashier,CS0015
E0322,Trần Hoàng Hiền,1989-12-16,Nữ,0951743280,2022-08-24,16161224,E0348,SalePerson,SP0024
E0323,Tăng Thanh Thúy,1983-07-27,Nữ,0817320309,2018-05-09,19089742,E0323,Manager,MN0004
E0324,Lý Lan Thy,1992-06-09,Nữ,0305050613,2015-09-16,24137916,E0272,Receptionist,RC0011
E0325,Quách Hoàng Linh,1999-01-26,Nữ,0570790320,2016-09-02,13817701,E0325,Manager,MN0005
E0326,Mai Minh Hậu,1988-10-14,Nam,0311799313,2024-03-15,9264585,E0325,Receptionist,RC0012
E0327,Bùi Thanh Châu,1990-02-18,Nữ,0925309251,2024-02-06,19489170,E0327,Manager,MN0006
E0328,Lương Ánh Bình,1981-05-03,Nữ,0573902196,2023-06-30,19930267,E0424,Receptionist,RC0013
E0329,Huỳnh Đức Hậu,1996-11-04,Nam,0767232487,2015-11-27,6213056,E0327,Receptionist,RC0014
E0330,Huỳnh Hùng Trí,1982-10-30,Nam,0345608331,2021-11-05,7262358,E0306,Cashier,CS0016
E0331,Vũ Quốc Quân,2002-10-06,Nam,0703127722,2019-01-22,24110092,E0467,SalePerson,SP0025
E0332,Phan Trung Trung,1977-06-04,Nam,0797010822,2022-03-26,18220291,E0272,SalePerson,SP0026
E0333,Tạ Như Duyên,1998-02-05,Nữ,0956353153,2016-04-20,8377650,E0285,Receptionist,RC0015
E0334,Tăng Xuân Minh,1993-07-04,Nam,0897062397,2024-10-03,12709404,E0348,Receptionist,RC0016
E0335,Trịnh Ánh Quỳnh,1991-10-03,Nữ,0552090421,2016-07-12,21359212,E0285,Receptionist,RC0017
E0336,Tăng Phương Kiều,1993-10-05,Nữ,0592983168,2016-12-02,17528497,E0285,Cashier,CS0017
E0337,Nguyễn Trung Kiên,2001-07-15,Nam,0556939290,2020-04-23,21527746,E0272,Cashier,CS0018
E0338,Ngô Anh Hiếu,1976-10-18,Nam,0817731806,2020-04-11,22918692,E0327,Cashier,CS0019
E0339,Nguyễn Hùng Tùng,1991-01-29,Nam,0579907726,2018-04-26,14021602,E0372,Receptionist,RC0018
E0340,Hồ Thúy Loan,2003-02-12,Nữ,0346498931,2020-03-16,6045756,E0372,Receptionist,RC0019
E0341,Phạm Hồng Hiền,1977-06-17,Nữ,0890552818,2020-10-09,18213495,E0327,SalePerson,SP0027
E0342,Phạm Hùng Hậu,1981-03-17,Nam,0535548640,2018-10-03,14007184,E0467,SalePerson,SP0028
E0343,Đào Thanh Trúc,1990-06-27,Nữ,0984795137,2020-01-28,22315067,E0467,Receptionist,RC0020
E0344,Phạm Minh Thành,1992-07-10,Nam,0327238046,2017-01-02,15676181,E0372,Receptionist,RC0021
E0345,Tạ Văn Quang,1996-04-04,Nam,0510385695,2018-11-21,20097222,E0325,SalePerson,SP0029
E0346,Dương Như Anh,1996-10-22,Nữ,0924243754,2021-08-27,23789426,E0467,SalePerson,SP0030
E0347,Mai Minh Bảo,1990-11-03,Nam,0722223105,2018-03-10,21298355,E0424,Receptionist,RC0022
E0348,Huỳnh Hoàng Vũ,1994-10-11,Nam,0355257828,2017-12-02,18404138,E0348,Manager,MN0007
E0349,Dương Ngọc Thắng,1976-02-13,Nam,0388547492,2019-07-16,22757650,E0424,Cashier,CS0020
E0350,Tăng Ngọc Mai,1990-03-12,Nữ,0914069375,2022-09-23,9768686,E0325,SalePerson,SP0031
E0351,Đào Mỹ Quỳnh,1977-06-20,Nữ,0501871863,2021-10-26,12548138,E0306,Receptionist,RC0023
E0352,Quách Ánh Nhi,2002-01-21,Nữ,0565650455,2021-10-14,23164965,E0327,Cashier,CS0021
E0353,Tạ Tuyết Thy,2000-03-01,Nữ,0726629912,2015-12-25,13237528,E0325,Cashier,CS0022
E0354,Lê Mai Vân,1996-04-16,Nữ,0306462879,2024-09-23,23626178,E0323,Receptionist,RC0024
E0355,Đinh Hùng Tuấn,1983-05-06,Nam,0794787300,2024-05-02,18810059,E0272,Receptionist,RC0025
E0356,Trịnh Phương Uyên,1988-06-18,Nữ,0573014719,2022-03-08,21855850,E0372,Receptionist,RC0026
E0357,Hà Kim Trúc,2001-01-24,Nữ,0358904290,2020-05-22,24977534,E0348,SalePerson,SP0032
E0358,Huỳnh Ngọc Quỳnh,1995-09-06,Nữ,0765044818,2024-11-06,10546538,E0323,Receptionist,RC0027
E0359,Bùi Ngọc Tùng,1979-03-29,Nam,0751895202,2021-09-18,11608150,E0467,Receptionist,RC0028
E0360,Bùi Thùy Trang,1991-09-25,Nữ,0528338988,2023-09-25,22270511,E0348,SalePerson,SP0033
E0361,Châu Quang Dũng,1993-09-20,Nam,0854527985,2020-03-01,8563569,E0372,SalePerson,SP0034
E0362,Hoàng Thu Trâm,1976-04-16,Nữ,0723216110,2023-05-08,9979451,E0285,Receptionist,RC0029
E0363,Thái Yến Duyên,1976-11-27,Nữ,0371401401,2017-03-15,9617751,E0327,Cashier,CS0023
E0364,Nguyễn Đức Thắng,2001-05-11,Nam,0795528938,2017-03-30,12200249,E0323,Receptionist,RC0030
E0365,Phan Hoàng Quang,1979-06-12,Nam,0580138759,2024-03-11,6469235,E0467,SalePerson,SP0035
E0366,Ngô Bích Hằng,1979-10-25,Nữ,0561517182,2017-01-10,17905862,E0348,Receptionist,RC0031
E0367,Bùi Diệu Hạnh,1987-12-07,Nữ,0847947386,2021-04-01,7362597,E0372,Cashier,CS0024
E0368,Cao Ánh Thủy,1983-06-21,Nữ,0371678112,2024-08-10,8335695,E0325,Cashier,CS0025
E0369,Đỗ Bích Nhung,2001-06-28,Nữ,0596136749,2016-02-21,11661411,E0372,Cashier,CS0026
E0370,Cao Xuân Nhi,2003-11-18,Nữ,0884271147,2019-06-28,17948642,E0325,SalePerson,SP0036
E0371,Tạ Hữu Minh,2003-03-10,Nam,0802695249,2016-07-05,6997355,E0372,Cashier,CS0027
E0372,Tôn Hùng Khôi,1978-06-07,Nam,0547784858,2022-05-31,23446590,E0372,Manager,MN0008
E0373,Dương Ngọc Đạt,1976-06-01,Nam,0870028427,2019-10-29,9997477,E0348,SalePerson,SP0037
E0374,Tôn Công Toàn,1989-01-06,Nam,0888977828,2023-01-10,19055374,E0325,Cashier,CS0028
E0375,Cao Ánh Dung,1986-10-25,Nữ,0700902559,2020-07-19,18676787,E0306,Receptionist,RC0032
E0376,Đỗ Tuyết Thúy,1992-01-27,Nữ,0333349114,2016-02-03,20366269,E0323,Receptionist,RC0033
E0377,Trần Như Tâm,1982-08-13,Nữ,0986407905,2015-03-22,24066270,E0323,Receptionist,RC0034
E0378,Phạm Bích Nhung,1989-06-18,Nữ,0885294563,2021-06-03,9279129,E0325,Cashier,CS0029
E0379,Trần Bảo Toàn,1999-01-14,Nam,0839191954,2017-05-26,15642052,E0272,Cashier,CS0030
E0380,Trịnh Phương Hằng,1994-02-27,Nữ,0768536649,2017-05-09,17654007,E0372,Receptionist,RC0035
E0381,Hà Thùy Châu,1999-07-25,Nữ,0837489690,2017-01-09,6624223,E0467,SalePerson,SP0038
E0382,Hoàng Bảo Phú,1991-05-05,Nam,0851364424,2020-03-09,10957455,E0285,SalePerson,SP0039
E0383,Phan Văn Kiên,1993-03-16,Nam,0777866032,2017-09-03,9810393,E0424,SalePerson,SP0040
E0384,Huỳnh Hữu Lộc,1976-04-22,Nam,0301594165,2017-11-24,15320481,E0467,Cashier,CS0031
E0385,Phạm Phúc Phát,1992-10-20,Nam,0389847139,2024-06-01,10716416,E0285,SalePerson,SP0041
E0386,Quách Tuyết Oanh,1989-10-09,Nữ,0512347649,2024-05-02,19084573,E0285,Receptionist,RC0036
E0387,Đinh Tuyết Trúc,1998-12-06,Nữ,0542575409,2019-03-15,9790353,E0323,Receptionist,RC0037
E0388,Đặng Đình Long,1985-10-01,Nam,0937606441,2017-11-02,24546470,E0348,Receptionist,RC0038
E0389,Trịnh Thúy Uyên,1984-06-08,Nữ,0341776561,2024-08-21,11376333,E0325,Receptionist,RC0039
E0390,Mai Lan Trinh,1997-09-17,Nữ,0800272063,2015-09-29,17806339,E0348,Receptionist,RC0040
E0391,Huỳnh Mỹ Loan,1989-01-27,Nữ,0596577242,2021-06-16,8759249,E0372,SalePerson,SP0042
E0392,Đỗ Thùy Nhi,1987-08-22,Nữ,0893008931,2017-03-24,8831958,E0348,SalePerson,SP0043
E0393,Hồ Tấn Phú,1986-09-29,Nam,0942152910,2022-11-12,11662510,E0327,Cashier,CS0032
E0394,Vũ Bích Hoa,1995-05-09,Nữ,0747626393,2024-04-11,22580890,E0372,SalePerson,SP0044
E0395,Nguyễn Bảo Trung,1993-10-06,Nam,0597359710,2017-01-08,19707794,E0424,Cashier,CS0033
E0396,Lương Tuấn Phú,1989-07-02,Nam,0941180053,2022-10-09,19339722,E0285,Cashier,CS0034
E0397,Võ Yến Xuân,2002-03-14,Nữ,0846528092,2022-07-10,7527125,E0327,Cashier,CS0035
E0398,Hoàng Đức Hưng,1997-08-06,Nam,0962415027,2020-07-11,17380882,E0325,Cashier,CS0036
E0399,Châu Kim Loan,1994-04-17,Nữ,0762572870,2018-03-04,14832076,E0306,Cashier,CS0037
E0400,Lý Thanh Phong,1977-06-13,Nam,0861707587,2017-07-30,12145203,E0327,Receptionist,RC0041
E0401,Đỗ Hoàng Oanh,1980-01-18,Nữ,0722849939,2024-06-26,10967858,E0372,Cashier,CS0038
E0402,Cao Công Tiến,1993-09-05,Nam,0341659152,2015-11-11,14259672,E0325,Receptionist,RC0042
E0403,Trịnh Thanh Nghĩa,1995-08-24,Nam,0350975923,2024-04-25,22101265,E0325,Receptionist,RC0043
E0404,Đinh Xuân Vân,1989-06-30,Nữ,0364236103,2023-12-14,7863446,E0372,Receptionist,RC0044
E0405,Đặng Diệu Tâm,1993-01-18,Nữ,0792515837,2018-03-13,11171901,E0372,Receptionist,RC0045
E0406,Ngô Hoàng Tâm,1996-05-15,Nữ,0792661085,2018-01-04,24893060,E0306,Cashier,CS0039
E0407,Lê Bảo Khôi,1981-12-15,Nam,0817422438,2020-07-21,23692537,E0467,Cashier,CS0040
E0408,Quách Ngọc Hằng,2000-07-02,Nữ,0386617945,2015-07-15,24488301,E0372,Cashier,CS0041
E0409,Huỳnh Minh Hiếu,1997-08-01,Nam,0316459779,2015-03-08,9823040,E0325,Cashier,CS0042
E0410,Tạ Xuân Như,1983-05-25,Nữ,0368006102,2017-05-14,12210502,E0372,Cashier,CS0043
E0411,Tạ Diệu Anh,1995-08-23,Nữ,0995641220,2022-10-04,19592618,E0306,SalePerson,SP0045
E0412,Phan Hùng Thắng,1975-09-18,Nam,0568314727,2022-10-21,12315652,E0327,Receptionist,RC0046
E0413,Lý Hùng Dũng,1980-03-23,Nam,0893349605,2016-11-11,11114441,E0325,Cashier,CS0044
E0414,Hà Hùng Hậu,2003-04-12,Nam,0984076789,2024-07-03,20488399,E0348,Receptionist,RC0047
E0415,Nguyễn Tuyết Châu,1985-05-27,Nữ,0781467179,2023-01-04,8036911,E0467,SalePerson,SP0046
E0416,Huỳnh Phương Hoa,1995-02-10,Nữ,0857383959,2022-10-28,20637450,E0327,SalePerson,SP0047
E0417,Ngô Ánh Trúc,1980-11-18,Nữ,0593417223,2024-11-26,15844670,E0348,SalePerson,SP0048
E0418,Đặng Mỹ Oanh,1979-07-12,Nữ,0900545228,2023-11-25,19958118,E0325,Receptionist,RC0048
E0419,Vũ Công Vũ,1990-02-24,Nam,0574550842,2019-10-30,9824174,E0306,Receptionist,RC0049
E0420,Phạm Tấn Trí,1977-04-06,Nam,0380812135,2019-11-29,21338926,E0372,SalePerson,SP0049
E0421,Tạ Thanh Yến,1994-10-21,Nữ,0752137603,2023-07-19,22975073,E0325,Receptionist,RC0050
E0422,Võ Ánh Uyên,1987-11-12,Nữ,0732863266,2020-08-30,11746592,E0372,Cashier,CS0045
E0423,Dương Thu Lan,1998-02-25,Nữ,0911556260,2023-11-29,18139133,E0327,Cashier,CS0046
E0424,Tăng Mai Hà,1976-08-30,Nữ,0946684550,2022-05-28,11065111,E0424,Manager,MN0009
E0425,Mai Tấn Nhật,1993-02-13,Nam,0763410856,2020-01-02,12883140,E0467,Cashier,CS0047
E0426,Lê Anh Vũ,1998-05-07,Nam,0785200894,2021-01-24,15527038,E0285,SalePerson,SP0050
E0427,Châu Ánh Như,1993-12-18,Nữ,0951017490,2020-08-31,9705815,E0327,Receptionist,RC0051
E0428,Hà Xuân Trâm,1985-08-04,Nữ,0744926831,2024-01-12,24978293,E0467,Cashier,CS0048
E0429,Lương Trung Cường,1991-03-17,Nam,0310627371,2020-02-04,9287926,E0424,Cashier,CS0049
E0430,Hà Kim Duyên,2001-05-21,Nữ,0867762282,2021-04-08,23412904,E0348,Cashier,CS0050
E0431,Phạm Bích Diệu,1980-10-20,Nữ,0802851961,2022-11-25,23219647,E0467,Cashier,CS0051
E0432,Hoàng Thanh Hiền,2000-08-24,Nữ,0754470229,2018-04-01,7351644,E0467,Receptionist,RC0052
E0433,Huỳnh Hùng Hùng,1988-09-08,Nam,0385106794,2024-12-20,15512087,E0285,Cashier,CS0052
E0434,Châu Xuân Mai,1990-02-25,Nữ,0587772519,2023-10-06,18660276,E0325,SalePerson,SP0051
E0435,Đinh Ngọc Thy,1992-05-15,Nữ,0712094818,2017-08-11,19267326,E0323,SalePerson,SP0052
E0436,Đào Hoàng Tài,2002-10-02,Nam,0901820433,2021-01-28,7774169,E0306,Receptionist,RC0053
E0437,Bùi Hồng Duyên,1978-10-18,Nữ,0370562608,2024-01-19,23902761,E0306,SalePerson,SP0053
E0438,Đinh Thùy Dung,1986-07-15,Nữ,0524124620,2016-01-08,9846835,E0372,Cashier,CS0053
E0439,Hồ Thanh Trinh,1983-02-21,Nữ,0565461033,2015-04-22,7962994,E0272,SalePerson,SP0054
E0440,Phạm Thanh Anh,1997-02-10,Nam,0778617063,2020-09-14,22925568,E0348,SalePerson,SP0055
E0441,Tôn Lan Mai,1999-11-08,Nữ,0796718325,2021-07-28,9406090,E0285,Receptionist,RC0054
E0442,Dương Hữu Hùng,1985-12-30,Nam,0894200749,2021-01-10,20218772,E0467,SalePerson,SP0056
E0443,Châu Yến Dung,1990-10-06,Nữ,0328914161,2024-06-12,13138844,E0306,Cashier,CS0054
E0444,Tăng Thúy Như,1994-05-18,Nữ,0843553795,2017-05-13,22938956,E0323,Receptionist,RC0055
E0445,Tăng Văn Khoa,2003-12-31,Nam,0887681180,2015-01-09,21989658,E0327,Receptionist,RC0056
E0446,Đỗ Hồng Thủy,1980-07-15,Nữ,0317537030,2018-12-16,18629097,E0306,SalePerson,SP0057
E0447,Vũ Diệu Hiền,1983-08-04,Nữ,0347930361,2016-01-04,16172983,E0285,Cashier,CS0055
E0448,Cao Xuân Châu,1982-08-25,Nữ,0519212493,2021-03-10,12501850,E0306,Cashier,CS0056
E0449,Mai Kim Bình,1983-08-10,Nữ,0806056641,2024-07-04,6775694,E0467,SalePerson,SP0058
E0450,Tăng Mỹ Hà,1997-03-25,Nữ,0768750635,2019-01-20,23356261,E0327,SalePerson,SP0059
E0451,Quách Xuân Bình,1985-02-13,Nam,0554110760,2022-09-25,20221047,E0372,Receptionist,RC0057
E0452,Vũ Thúy Hà,1986-03-26,Nữ,0783199717,2017-10-09,9618531,E0325,SalePerson,SP0060
E0453,Bùi Đức Đức,1978-11-02,Nam,0370496110,2015-09-06,7118828,E0348,SalePerson,SP0061
E0454,Phạm Tấn Cường,1988-03-24,Nam,0599076769,2024-07-13,18799522,E0348,SalePerson,SP0062
E0455,Đào Ngọc Hậu,1990-03-27,Nam,0511091939,2022-04-20,6871478,E0325,SalePerson,SP0063
E0456,Dương Thùy Chi,1990-12-10,Nữ,0500249685,2019-09-21,22153080,E0306,Receptionist,RC0058
E0457,Bùi Bảo Sơn,1981-08-12,Nam,0389203880,2020-04-07,16357394,E0306,Cashier,CS0057
E0458,Bùi Bích Trúc,1983-10-07,Nữ,0895995946,2017-03-31,12753206,E0372,Cashier,CS0058
E0459,Vũ Văn Hải,1979-09-14,Nam,0579337563,2020-02-04,7415733,E0325,Cashier,CS0059
E0460,Đỗ Văn Vũ,1975-04-21,Nam,0324739500,2019-01-26,6331923,E0372,Cashier,CS0060
E0461,Tạ Minh Tiến,1987-09-29,Nam,0932302410,2016-12-14,13346576,E0272,Receptionist,RC0059
E0462,Quách Hoàng Tùng,1991-12-31,Nam,0835528961,2022-05-06,9723502,E0323,SalePerson,SP0064
E0463,Đinh Tuấn Sơn,1980-11-12,Nam,0796309938,2023-11-30,12363300,E0285,Receptionist,RC0060
E0464,Hà Quang Phát,1989-09-12,Nam,0973179128,2017-10-09,7787074,E0272,Cashier,CS0061
E0465,Bùi Ánh Loan,1997-05-13,Nữ,0877496903,2020-10-26,21578224,E0424,Cashier,CS0062
E0466,Phan Bảo Phú,1995-04-12,Nam,0892548121,2024-09-05,13864641,E0348,Receptionist,RC0061
E0467,Vũ Mai Linh,1994-12-09,Nữ,0889567766,2020-10-26,17796897,E0467,Manager,MN0010
E0468,Huỳnh Như Trâm,1989-03-22,Nữ,0715148881,2018-01-23,18830239,E0327,Cashier,CS0063
E0469,Trần Thành Bình,1979-06-01,Nam,0735444392,2016-04-30,8394064,E0323,Cashier,CS0064
E0470,Châu Ánh Nhi,1975-05-20,Nữ,0890782633,2023-08-21,16048685,E0272,SalePerson,SP0065
E0471,Thái Thành Khôi,1996-04-13,Nam,0851536637,2017-08-15,23308226,E0306,SalePerson,SP0066
E0472,Tạ Văn Lộc,1991-10-23,Nam,0753666845,2016-07-23,10306565,E0272,Cashier,CS0065
E0473,Hoàng Ngọc Toàn,2000-06-17,Nam,0999663618,2023-10-22,7080754,E0424,SalePerson,SP0067
E0474,Dương Bảo Hoàng,1996-04-18,Nam,0518209702,2016-03-20,17034085,E0306,Cashier,CS0066
E0475,Đặng Anh Minh,1992-04-23,Nam,0805802566,2018-03-08,12908599,E0285,Receptionist,RC0062
E0476,Tạ Đức Đạt,1980-10-16,Nam,0523467299,2021-01-06,20039617,E0325,Receptionist,RC0063
E0477,Phan Văn Thắng,1997-07-16,Nam,0816938597,2023-01-14,21400022,E0272,Cashier,CS0067
E0478,Trịnh Như Thúy,2000-11-04,Nữ,0769263296,2015-06-10,9056898,E0272,Cashier,CS0068
E0479,Lương Ngọc Chi,1983-03-25,Nữ,0548413768,2022-11-01,9205594,E0348,Cashier,CS0069
E0480,Tôn Thúy Uyên,1978-06-07,Nữ,0824380701,2023-06-22,9530750,E0467,Receptionist,RC0064
E0481,Hồ Ngọc Lan,1992-02-05,Nữ,0712577711,2018-11-08,19399688,E0285,SalePerson,SP0068
E0482,Châu Minh Phong,1994-08-20,Nam,0391241862,2016-07-28,21797014,E0272,SalePerson,SP0069
E0483,Huỳnh Hoàng Tuấn,1987-04-04,Nam,0937081647,2016-09-20,20786028,E0323,Receptionist,RC0065
E0484,Quách Xuân Sơn,1977-03-08,Nam,0531060053,2023-08-30,18663292,E0285,Receptionist,RC0066
E0485,Tạ Minh Tuấn,1984-11-22,Nam,0881558393,2024-11-22,9241465,E0424,SalePerson,SP0070
E0486,Phạm Ánh Trinh,1994-03-12,Nữ,0506506373,2016-05-09,13798323,E0285,SalePerson,SP0071
E0487,Tăng Bích Uyên,2002-12-27,Nữ,0797189241,2019-02-20,7474346,E0372,Receptionist,RC0067
E0488,Bùi Thùy Trinh,2003-04-20,Nữ,0815099768,2022-10-23,19038092,E0424,SalePerson,SP0072
E0489,Nguyễn Tấn Long,1997-08-01,Nam,0736391025,2021-08-03,6445994,E0285,SalePerson,SP0073
E0490,Trịnh Ngọc Chi,1984-01-23,Nữ,0975245086,2016-09-13,18608008,E0285,Cashier,CS0070
E0491,Vũ Bích Nga,1976-01-24,Nữ,0333968527,2017-07-27,17115585,E0323,SalePerson,SP0074
E0492,Phan Hữu Thắng,1977-11-24,Nam,0521298338,2024-10-02,22496777,E0372,SalePerson,SP0075
E0493,Vũ Tuyết Thủy,1995-12-14,Nữ,0934497347,2018-06-29,11508255,E0285,Receptionist,RC0068
E0494,Dương Tuyết Hằng,1992-11-11,Nữ,0962706614,2019-03-28,11629294,E0325,Receptionist,RC0069
E0495,Hồ Quốc Tùng,1999-10-19,Nam,0846897152,2023-02-24,11895490,E0272,SalePerson,SP0076
E0496,Nguyễn Yến Hiền,1983-10-12,Nữ,0866656749,2016-09-25,12362786,E0327,SalePerson,SP0077
E0497,Huỳnh Bích Tâm,1976-09-28,Nữ,0758750663,2016-05-24,18912618,E0306,Receptionist,RC0070
E0498,Lương Thu Như,1976-07-19,Nữ,0972439920,2024-02-13,18127051,E0327,Receptionist,RC0071
E0499,Lương Phúc Hoàng,2003-11-27,Nam,0936264488,2022-12-24,18896569,E0348,Receptionist,RC0072
E0500,Phạm Mai Thúy,2001-04-16,Nữ,0543640270,2018-06-15,19811305,E0372,SalePerson,SP0078
