ProductID,ProductName,ProductType,SellingPrice
PRD0001,Lồng vận chuyển,Phụ kiện,192218
PRD0002,Me-O Premium,Thức ăn mèo,239622
PRD0003,Lược chải lông,Dụng cụ grooming,89765
PRD0004,Bàn chải đánh răng,Dụng cụ grooming,329957
PRD0005,Bóng lông vũ mèo,Đồ chơi,84616
PRD0006,Giày đi mưa chó,Phụ kiện,66137
PRD0007,Royal Canin Mèo,Thức ăn mèo,737109
PRD0008,Vitamin cho chó,Chăm sóc sức khỏe,134400
PRD0009,Lược chải lông,Dụng cụ grooming,146916
PRD0010,Bàn grooming,Dụng cụ grooming,328492
PRD0011,Bóng lông vũ mèo,Đồ chơi,262107
PRD0012,Frisbee chó,Đồ chơi,40159
PRD0013,Royal Canin Adult Chó,Thức ăn chó,694899
PRD0014,Bột sữa cho chó con,Chăm sóc sức khỏe,233565
PRD0015,Kéo cắt móng,Dụng cụ grooming,368022
PRD0016,Dầu cá omega 3,Chăm sóc sức khỏe,220331
PRD0017,Kéo cắt móng,Dụng cụ grooming,165750
PRD0018,Bát nước tự động,Phụ kiện,431121
PRD0019,Royal Canin Adult Chó,Thức ăn chó,235989
PRD0020,Vitamin cho chó,Chăm sóc sức khỏe,100253
PRD0021,Pedigree Hạt Khô,Thức ăn chó,775174
PRD0022,Ganador Adult,Thức ăn chó,655226
PRD0023,Tunnel chơi cho mèo,Đồ chơi,141704
PRD0024,Purina One,Thức ăn mèo,260731
PRD0025,Smartheart Chó Con,Thức ăn chó,596662
PRD0026,Pedigree Hạt Khô,Thức ăn chó,568016
PRD0027,Me-O Premium,Thức ăn mèo,388963
PRD0028,Thuốc vệ sinh tai,Chăm sóc sức khỏe,270291
PRD0029,Laser pointer mèo,Đồ chơi,36123
PRD0030,Minino Yum,Thức ăn mèo,505264
PRD0031,Felidae Mèo,Thức ăn mèo,756063
PRD0032,Dầu cá omega 3,Chăm sóc sức khỏe,160835
PRD0033,Bột sữa cho chó con,Chăm sóc sức khỏe,347880
PRD0034,Chuông leng keng,Đồ chơi,45669
PRD0035,Sữa tắm dưỡng lông,Vệ sinh,300639
PRD0036,Laser pointer mèo,Đồ chơi,142465
PRD0037,Me-O Premium,Thức ăn mèo,750529
PRD0038,Bát nước tự động,Phụ kiện,181573
PRD0039,Găng tay chải lông,Dụng cụ grooming,241530
PRD0040,Bóng cao su chó,Đồ chơi,96571
PRD0041,Bát nước tự động,Phụ kiện,252838
PRD0042,Áo mưa thú cưng,Phụ kiện,337878
PRD0043,Sữa cho mèo con,Chăm sóc sức khỏe,324073
PRD0044,Máy sấy lông,Dụng cụ grooming,247763
PRD0045,Catsrang Mèo,Thức ăn mèo,405311
PRD0046,Cat's Eye,Thức ăn mèo,164685
PRD0047,Khăn choàng chó,Phụ kiện,400946
PRD0048,Vitamin cho chó,Chăm sóc sức khỏe,329209
PRD0049,Khay vệ sinh mèo,Vệ sinh,390876
PRD0050,Dầu gội mèo,Vệ sinh,383266
PRD0051,Áo mưa thú cưng,Phụ kiện,241287
PRD0052,Men tiêu hóa,Chăm sóc sức khỏe,254766
PRD0053,Blue Buffalo Mèo,Thức ăn mèo,434432
PRD0054,Hill's Science Diet Mèo,Thức ăn mèo,603719
PRD0055,Nước hoa xịt thú cưng,Vệ sinh,89676
PRD0056,Laser pointer mèo,Đồ chơi,235718
PRD0057,Nước hoa xịt thú cưng,Vệ sinh,158756
PRD0058,Purina One,Thức ăn mèo,503628
PRD0059,Dây thừng kéo,Đồ chơi,263101
PRD0060,Thuốc vệ sinh tai,Chăm sóc sức khỏe,144488
PRD0061,Men tiêu hóa,Chăm sóc sức khỏe,276423
PRD0062,Royal Canin Adult Chó,Thức ăn chó,572067
PRD0063,Áo mưa thú cưng,Phụ kiện,331118
PRD0064,Nutri Source Chó,Thức ăn chó,730741
PRD0065,ANF Chó Trưởng Thành,Thức ăn chó,655212
PRD0066,Cát vệ sinh mèo,Vệ sinh,99954
PRD0067,Frisbee chó,Đồ chơi,118891
PRD0068,Dầu gội mèo,Vệ sinh,319746
PRD0069,Nutri Source Chó,Thức ăn chó,626783
PRD0070,Rọ mõm chó,Phụ kiện,369143
PRD0071,Laser pointer mèo,Đồ chơi,232223
PRD0072,Canxi bổ sung,Chăm sóc sức khỏe,244620
PRD0073,Bóng cao su chó,Đồ chơi,151310
PRD0074,Nước hoa xịt thú cưng,Vệ sinh,206961
PRD0075,Lược chải lông,Dụng cụ grooming,166152
PRD0076,Găng tay chải lông,Dụng cụ grooming,225033
PRD0077,Nệm ngủ cho thú cưng,Phụ kiện,99606
PRD0078,Hill's Science Diet Mèo,Thức ăn mèo,221586
PRD0079,Kéo tỉa lông chuyên dụng,Dụng cụ grooming,325278
PRD0080,Nệm ngủ cho thú cưng,Phụ kiện,256732
PRD0081,Classic Pets Chó,Thức ăn chó,374471
PRD0082,Cát vệ sinh mèo,Vệ sinh,108598
PRD0083,Máy sấy lông,Dụng cụ grooming,370380
PRD0084,Giày đi mưa chó,Phụ kiện,498165
PRD0085,Sữa cho mèo con,Chăm sóc sức khỏe,304800
PRD0086,Bịch rác thú cưng,Vệ sinh,128601
PRD0087,Hill's Science Diet Mèo,Thức ăn mèo,601730
PRD0088,Classic Pets Chó,Thức ăn chó,774009
PRD0089,Sữa cho mèo con,Chăm sóc sức khỏe,270338
PRD0090,Minino Yum,Thức ăn mèo,335110
PRD0091,Bát ăn inox,Phụ kiện,277683
PRD0092,Bột sữa cho chó con,Chăm sóc sức khỏe,301311
PRD0093,Royal Canin Mèo,Thức ăn mèo,345671
PRD0094,Sữa cho mèo con,Chăm sóc sức khỏe,204126
PRD0095,ANF Chó Trưởng Thành,Thức ăn chó,496109
PRD0096,Chuồng mèo inox,Phụ kiện,142275
PRD0097,Vitamin cho chó,Chăm sóc sức khỏe,381481
PRD0098,Vitamin cho chó,Chăm sóc sức khỏe,153539
PRD0099,Royal Canin Mèo,Thức ăn mèo,362718
PRD0100,Kéo cắt móng,Dụng cụ grooming,158018
PRD0101,Lược chải lông,Dụng cụ grooming,194989
PRD0102,Men tiêu hóa,Chăm sóc sức khỏe,179918
PRD0103,Taste of the Wild Chó,Thức ăn chó,438211
PRD0104,Hill's Science Diet Mèo,Thức ăn mèo,398373
PRD0105,Catidea Premium,Thức ăn mèo,612682
PRD0106,Máy cạo lông,Dụng cụ grooming,284944
PRD0107,Men tiêu hóa,Chăm sóc sức khỏe,119162
PRD0108,Bóng lông vũ mèo,Đồ chơi,230695
PRD0109,Kéo tỉa lông chuyên dụng,Dụng cụ grooming,355119
PRD0110,Felidae Mèo,Thức ăn mèo,634547
PRD0111,Sữa tắm dưỡng lông,Vệ sinh,162085
PRD0112,Royal Canin Mèo,Thức ăn mèo,567041
PRD0113,Thuốc nhỏ mắt,Chăm sóc sức khỏe,222821
PRD0114,Blue Buffalo Mèo,Thức ăn mèo,233157
PRD0115,Nước hoa xịt thú cưng,Vệ sinh,135658
PRD0116,Bột sữa cho chó con,Chăm sóc sức khỏe,218320
PRD0117,Royal Canin Adult Chó,Thức ăn chó,215067
PRD0118,Tunnel chơi cho mèo,Đồ chơi,177093
PRD0119,Khăn ướt thú cưng,Vệ sinh,330093
PRD0120,Kéo cắt móng,Dụng cụ grooming,107985
PRD0121,Men tiêu hóa,Chăm sóc sức khỏe,258565
PRD0122,Máy cạo lông,Dụng cụ grooming,386097
PRD0123,Rọ mõm chó,Phụ kiện,116498
PRD0124,Kéo cắt móng,Dụng cụ grooming,213659
PRD0125,Minino Yum,Thức ăn mèo,175328
PRD0126,Nước hoa xịt thú cưng,Vệ sinh,108618
PRD0127,Nước hoa xịt thú cưng,Vệ sinh,169070
PRD0128,Catidea Premium,Thức ăn mèo,501353
PRD0129,Rọ mõm chó,Phụ kiện,474498
PRD0130,Găng tay chải lông,Dụng cụ grooming,375358
PRD0131,Máy sấy lông,Dụng cụ grooming,170614
PRD0132,Kéo tỉa lông chuyên dụng,Dụng cụ grooming,294015
PRD0133,Lược chải lông,Dụng cụ grooming,171064
PRD0134,Canxi bổ sung,Chăm sóc sức khỏe,391262
PRD0135,Kéo tỉa lông chuyên dụng,Dụng cụ grooming,229159
PRD0136,Taste of the Wild Chó,Thức ăn chó,185431
PRD0137,Bàn grooming,Dụng cụ grooming,150760
PRD0138,Thuốc vệ sinh tai,Chăm sóc sức khỏe,88361
PRD0139,Royal Canin Adult Chó,Thức ăn chó,525095
PRD0140,Cát vệ sinh mèo,Vệ sinh,283215
PRD0141,Rọ mõm chó,Phụ kiện,83786
PRD0142,Lược chải lông,Dụng cụ grooming,288099
PRD0143,Minino Yum,Thức ăn mèo,486458
PRD0144,Bát ăn inox,Phụ kiện,468310
PRD0145,Men tiêu hóa,Chăm sóc sức khỏe,174560
PRD0146,Dầu gội tắm chó,Vệ sinh,287539
PRD0147,Cat's Eye,Thức ăn mèo,691379
PRD0148,Felidae Mèo,Thức ăn mèo,289701
PRD0149,Bàn chải đánh răng,Dụng cụ grooming,227390
PRD0150,Royal Canin Adult Chó,Thức ăn chó,690352
PRD0151,Vòng cổ chó da,Phụ kiện,126231
PRD0152,Catidea Premium,Thức ăn mèo,275843
PRD0153,Blue Buffalo Mèo,Thức ăn mèo,575259
PRD0154,Xương gặm sạch răng,Đồ chơi,296460
PRD0155,Frisbee chó,Đồ chơi,144351
PRD0156,Thuốc nhỏ mắt,Chăm sóc sức khỏe,387654
PRD0157,Wellness Chó,Thức ăn chó,158449
PRD0158,Sữa tắm dưỡng lông,Vệ sinh,303578
PRD0159,Dầu gội mèo,Vệ sinh,358958
PRD0160,Frisbee chó,Đồ chơi,42680
PRD0161,Chuông leng keng,Đồ chơi,91434
PRD0162,Khay vệ sinh mèo,Vệ sinh,89931
PRD0163,Dầu cá omega 3,Chăm sóc sức khỏe,207138
PRD0164,Bát ăn inox,Phụ kiện,231448
PRD0165,Thuốc vệ sinh tai,Chăm sóc sức khỏe,252056
PRD0166,Chuột bông cho mèo,Đồ chơi,208974
PRD0167,Chuồng mèo inox,Phụ kiện,202598
PRD0168,Bàn chải đánh răng,Dụng cụ grooming,228485
PRD0169,Men tiêu hóa,Chăm sóc sức khỏe,125088
PRD0170,Dầu gội mèo,Vệ sinh,359470
PRD0171,ANF Chó Trưởng Thành,Thức ăn chó,572846
PRD0172,Máy sấy lông,Dụng cụ grooming,185511
PRD0173,Khay vệ sinh mèo,Vệ sinh,119199
PRD0174,Găng tay chải lông,Dụng cụ grooming,245072
PRD0175,Me-O Premium,Thức ăn mèo,735639
PRD0176,Máy cạo lông,Dụng cụ grooming,99235
PRD0177,Bóng tennis chó,Đồ chơi,175765
PRD0178,Acana Chó,Thức ăn chó,288418
PRD0179,Men tiêu hóa,Chăm sóc sức khỏe,327405
PRD0180,Giày đi mưa chó,Phụ kiện,323997
PRD0181,Whiskas Hạt,Thức ăn mèo,539858
PRD0182,Kéo tỉa lông chuyên dụng,Dụng cụ grooming,318617
PRD0183,Chuông leng keng,Đồ chơi,43291
PRD0184,Kéo cắt móng,Dụng cụ grooming,372323
PRD0185,Chuông leng keng,Đồ chơi,89294
PRD0186,Thuốc nhỏ mắt,Chăm sóc sức khỏe,195019
PRD0187,Chuông leng keng,Đồ chơi,132997
PRD0188,Kéo cắt móng,Dụng cụ grooming,314166
PRD0189,Dây thừng kéo,Đồ chơi,295407
PRD0190,Wellness Chó,Thức ăn chó,728792
PRD0191,Whiskas Hạt,Thức ăn mèo,451671
PRD0192,Lược chải lông,Dụng cụ grooming,194818
PRD0193,Găng tay chải lông,Dụng cụ grooming,395197
PRD0194,Cát vệ sinh mèo,Vệ sinh,94291
PRD0195,Sữa tắm dưỡng lông,Vệ sinh,145601
PRD0196,Lồng vận chuyển,Phụ kiện,427014
PRD0197,Xương gặm sạch răng,Đồ chơi,31341
PRD0198,Máy cạo lông,Dụng cụ grooming,97183
PRD0199,Bàn chải đánh răng,Dụng cụ grooming,391243
PRD0200,Kéo cắt móng,Dụng cụ grooming,127771
PRD0201,Smartheart Chó Con,Thức ăn chó,173405
PRD0202,Nước hoa xịt thú cưng,Vệ sinh,334478
PRD0203,Felidae Mèo,Thức ăn mèo,643560
PRD0204,Bóng lông vũ mèo,Đồ chơi,236862
PRD0205,Sữa cho mèo con,Chăm sóc sức khỏe,354506
PRD0206,Xịt khử mùi,Vệ sinh,82847
PRD0207,Áo mưa thú cưng,Phụ kiện,192720
PRD0208,Bát nước tự động,Phụ kiện,59494
PRD0209,Chuột bông cho mèo,Đồ chơi,116201
PRD0210,Pedigree Hạt Khô,Thức ăn chó,565138
PRD0211,Felidae Mèo,Thức ăn mèo,606633
PRD0212,Áo mưa thú cưng,Phụ kiện,225629
PRD0213,Bịch rác thú cưng,Vệ sinh,398479
PRD0214,Găng tay chải lông,Dụng cụ grooming,389428
PRD0215,Sữa cho mèo con,Chăm sóc sức khỏe,258881
PRD0216,Dầu gội mèo,Vệ sinh,109727
PRD0217,Găng tay chải lông,Dụng cụ grooming,373013
PRD0218,ANF Chó Trưởng Thành,Thức ăn chó,217715
PRD0219,Chuột bông cho mèo,Đồ chơi,255273
PRD0220,Nệm ngủ cho thú cưng,Phụ kiện,212058
PRD0221,Túi mèo catnip,Đồ chơi,71162
PRD0222,Cát vệ sinh mèo,Vệ sinh,195426
PRD0223,Canxi bổ sung,Chăm sóc sức khỏe,192259
PRD0224,Cát vệ sinh mèo,Vệ sinh,133757
PRD0225,Catidea Premium,Thức ăn mèo,430284
PRD0226,Dog Mania Premium,Thức ăn chó,403089
PRD0227,Dầu cá omega 3,Chăm sóc sức khỏe,395816
PRD0228,Rọ mõm chó,Phụ kiện,339149
PRD0229,Royal Canin Mèo,Thức ăn mèo,209273
PRD0230,Vitamin cho chó,Chăm sóc sức khỏe,184760
PRD0231,Lược chải lông,Dụng cụ grooming,272654
PRD0232,Classic Pets Chó,Thức ăn chó,211918
PRD0233,Thuốc vệ sinh tai,Chăm sóc sức khỏe,318585
PRD0234,Dầu cá omega 3,Chăm sóc sức khỏe,246643
PRD0235,Catsrang Mèo,Thức ăn mèo,364828
PRD0236,Khay vệ sinh mèo,Vệ sinh,266052
PRD0237,Tunnel chơi cho mèo,Đồ chơi,158864
PRD0238,Cat's Eye,Thức ăn mèo,327164
PRD0239,Găng tay chải lông,Dụng cụ grooming,310895
PRD0240,Găng tay chải lông,Dụng cụ grooming,224600
PRD0241,Royal Canin Mèo,Thức ăn mèo,273972
PRD0242,Bàn grooming,Dụng cụ grooming,169785
PRD0243,Kéo cắt móng,Dụng cụ grooming,128336
PRD0244,Bóng tennis chó,Đồ chơi,177736
PRD0245,Lược chải lông,Dụng cụ grooming,315611
PRD0246,Xương gặm sạch răng,Đồ chơi,259704
PRD0247,Royal Canin Adult Chó,Thức ăn chó,265103
PRD0248,Catidea Premium,Thức ăn mèo,174990
PRD0249,Bóng tennis chó,Đồ chơi,101382
PRD0250,Tunnel chơi cho mèo,Đồ chơi,189347
PRD0251,Máy cạo lông,Dụng cụ grooming,186166
PRD0252,Sữa cho mèo con,Chăm sóc sức khỏe,235292
PRD0253,Chuột bông cho mèo,Đồ chơi,116879
PRD0254,Chuồng mèo inox,Phụ kiện,78046
PRD0255,Minino Yum,Thức ăn mèo,518555
PRD0256,Thuốc nhỏ mắt,Chăm sóc sức khỏe,362699
PRD0257,Kéo cắt móng,Dụng cụ grooming,232531
PRD0258,Kem dưỡng da,Chăm sóc sức khỏe,364742
PRD0259,Nước hoa xịt thú cưng,Vệ sinh,259819
PRD0260,Bóng lông vũ mèo,Đồ chơi,247356
PRD0261,Purina One,Thức ăn mèo,392991
PRD0262,Acana Chó,Thức ăn chó,709215
PRD0263,Khăn choàng chó,Phụ kiện,351456
PRD0264,Royal Canin Adult Chó,Thức ăn chó,544384
PRD0265,Catsrang Mèo,Thức ăn mèo,786426
PRD0266,Dầu gội mèo,Vệ sinh,151918
PRD0267,Bột sữa cho chó con,Chăm sóc sức khỏe,262946
PRD0268,Nước hoa xịt thú cưng,Vệ sinh,364749
PRD0269,Xịt khử mùi,Vệ sinh,276259
PRD0270,Ba lô mèo cổ tròn,Phụ kiện,174674
PRD0271,Me-O Premium,Thức ăn mèo,531262
PRD0272,Găng tay chải lông,Dụng cụ grooming,365674
PRD0273,Catidea Premium,Thức ăn mèo,460232
PRD0274,Nệm ngủ cho thú cưng,Phụ kiện,304310
PRD0275,Chuồng mèo inox,Phụ kiện,193543
PRD0276,Ba lô mèo cổ tròn,Phụ kiện,127590
PRD0277,Cây leo mèo 3 tầng,Đồ chơi,135359
PRD0278,Bột sữa cho chó con,Chăm sóc sức khỏe,294841
PRD0279,Sữa cho mèo con,Chăm sóc sức khỏe,183609
PRD0280,ANF Chó Trưởng Thành,Thức ăn chó,242921
PRD0281,Orijen Chó,Thức ăn chó,796420
PRD0282,Royal Canin Adult Chó,Thức ăn chó,273606
PRD0283,Rọ mõm chó,Phụ kiện,267017
PRD0284,Vòng cổ chó da,Phụ kiện,166450
PRD0285,Dầu gội mèo,Vệ sinh,217981
PRD0286,Kéo tỉa lông chuyên dụng,Dụng cụ grooming,153371
PRD0287,Khay vệ sinh mèo,Vệ sinh,277087
PRD0288,Dây thừng kéo,Đồ chơi,101934
PRD0289,Blue Buffalo Mèo,Thức ăn mèo,241266
PRD0290,Wellness Chó,Thức ăn chó,464813
PRD0291,Sữa cho mèo con,Chăm sóc sức khỏe,344533
PRD0292,Thuốc vệ sinh tai,Chăm sóc sức khỏe,338159
PRD0293,Bàn chải đánh răng,Dụng cụ grooming,374647
PRD0294,Me-O Premium,Thức ăn mèo,337680
PRD0295,Whiskas Hạt,Thức ăn mèo,570111
PRD0296,Dây thừng kéo,Đồ chơi,100230
PRD0297,Men tiêu hóa,Chăm sóc sức khỏe,99410
PRD0298,Máy sấy lông,Dụng cụ grooming,347875
PRD0299,Felidae Mèo,Thức ăn mèo,313187
PRD0300,Minino Yum,Thức ăn mèo,358647
PRD0301,Wellness Chó,Thức ăn chó,706606
PRD0302,Xịt khử mùi,Vệ sinh,81259
PRD0303,Dây dắt chó cỡ lớn,Phụ kiện,230074
PRD0304,Royal Canin Adult Chó,Thức ăn chó,595579
PRD0305,Máy sấy lông,Dụng cụ grooming,138013
PRD0306,Lược chải lông,Dụng cụ grooming,389014
PRD0307,Thuốc nhỏ mắt,Chăm sóc sức khỏe,225387
PRD0308,Kem dưỡng da,Chăm sóc sức khỏe,142497
PRD0309,Classic Pets Chó,Thức ăn chó,787219
PRD0310,Cây leo mèo 3 tầng,Đồ chơi,196174
PRD0311,Me-O Premium,Thức ăn mèo,506612
PRD0312,Bàn chải đánh răng,Dụng cụ grooming,317048
PRD0313,Khăn choàng chó,Phụ kiện,349151
PRD0314,Frisbee chó,Đồ chơi,260974
PRD0315,Catidea Premium,Thức ăn mèo,545528
PRD0316,Dầu cá omega 3,Chăm sóc sức khỏe,135434
PRD0317,Taste of the Wild Chó,Thức ăn chó,192308
PRD0318,Thuốc vệ sinh tai,Chăm sóc sức khỏe,363226
PRD0319,Bịch rác thú cưng,Vệ sinh,333542
PRD0320,Bàn grooming,Dụng cụ grooming,83307
PRD0321,Ganador Adult,Thức ăn chó,219508
PRD0322,Classic Pets Chó,Thức ăn chó,244196
PRD0323,Smartheart Chó Con,Thức ăn chó,234251
PRD0324,Cát vệ sinh mèo,Vệ sinh,335911
PRD0325,Bóng lông vũ mèo,Đồ chơi,101641
PRD0326,Xịt khử mùi,Vệ sinh,317853
PRD0327,Kéo cắt móng,Dụng cụ grooming,194743
PRD0328,Bàn grooming,Dụng cụ grooming,97332
PRD0329,Frisbee chó,Đồ chơi,169439
PRD0330,Bóng tennis chó,Đồ chơi,119697
PRD0331,Chuồng mèo inox,Phụ kiện,389133
PRD0332,Xịt khử mùi,Vệ sinh,378369
PRD0333,Dây dắt chó cỡ lớn,Phụ kiện,395171
PRD0334,Blue Buffalo Mèo,Thức ăn mèo,307215
PRD0335,Canxi bổ sung,Chăm sóc sức khỏe,275978
PRD0336,Khay vệ sinh mèo,Vệ sinh,242481
PRD0337,Purina One,Thức ăn mèo,150998
PRD0338,Giày đi mưa chó,Phụ kiện,394689
PRD0339,Vitamin cho chó,Chăm sóc sức khỏe,213208
PRD0340,Khăn ướt thú cưng,Vệ sinh,216064
PRD0341,Me-O Premium,Thức ăn mèo,320382
PRD0342,Vitamin cho chó,Chăm sóc sức khỏe,193640
PRD0343,Blue Buffalo Mèo,Thức ăn mèo,661125
PRD0344,Vòng cổ chó da,Phụ kiện,132117
PRD0345,Bóng lông vũ mèo,Đồ chơi,260817
PRD0346,Classic Pets Chó,Thức ăn chó,417205
PRD0347,Tunnel chơi cho mèo,Đồ chơi,182415
PRD0348,Máy cạo lông,Dụng cụ grooming,116583
PRD0349,Xịt khử mùi,Vệ sinh,276386
PRD0350,Orijen Chó,Thức ăn chó,767863
PRD0351,Khăn choàng chó,Phụ kiện,246324
PRD0352,Cây leo mèo 3 tầng,Đồ chơi,85026
PRD0353,Xịt khử mùi,Vệ sinh,123547
PRD0354,Vitamin cho chó,Chăm sóc sức khỏe,326881
PRD0355,Dầu gội mèo,Vệ sinh,281434
PRD0356,Bóng lông vũ mèo,Đồ chơi,213523
PRD0357,Sữa cho mèo con,Chăm sóc sức khỏe,207386
PRD0358,Dây thừng kéo,Đồ chơi,257857
PRD0359,Cát vệ sinh mèo,Vệ sinh,252002
PRD0360,Cát vệ sinh mèo,Vệ sinh,375666
PRD0361,Chuồng mèo inox,Phụ kiện,299933
PRD0362,Dầu gội tắm chó,Vệ sinh,263593
PRD0363,Orijen Chó,Thức ăn chó,449711
PRD0364,Bát ăn inox,Phụ kiện,468368
PRD0365,Kéo cắt móng,Dụng cụ grooming,168602
PRD0366,Chuồng mèo inox,Phụ kiện,238848
PRD0367,Ganador Adult,Thức ăn chó,369147
PRD0368,Laser pointer mèo,Đồ chơi,237008
PRD0369,Bóng tennis chó,Đồ chơi,212501
PRD0370,Chuồng mèo inox,Phụ kiện,254482
PRD0371,Túi mèo catnip,Đồ chơi,203821
PRD0372,Felidae Mèo,Thức ăn mèo,318908
PRD0373,Bát nước tự động,Phụ kiện,380704
PRD0374,Khay vệ sinh mèo,Vệ sinh,162833
PRD0375,Áo mưa thú cưng,Phụ kiện,258041
PRD0376,Khay vệ sinh mèo,Vệ sinh,314043
PRD0377,Men tiêu hóa,Chăm sóc sức khỏe,259463
PRD0378,Men tiêu hóa,Chăm sóc sức khỏe,155727
PRD0379,Kéo tỉa lông chuyên dụng,Dụng cụ grooming,255545
PRD0380,Classic Pets Chó,Thức ăn chó,393443
PRD0381,Vòng cổ chó da,Phụ kiện,206946
PRD0382,Xương gặm sạch răng,Đồ chơi,157782
PRD0383,Ba lô mèo cổ tròn,Phụ kiện,445310
PRD0384,Wellness Chó,Thức ăn chó,229279
PRD0385,Dầu gội mèo,Vệ sinh,155065
PRD0386,Vitamin cho chó,Chăm sóc sức khỏe,250840
PRD0387,Nệm ngủ cho thú cưng,Phụ kiện,482377
PRD0388,Bóng tennis chó,Đồ chơi,153066
PRD0389,Ganador Adult,Thức ăn chó,202909
PRD0390,Dầu gội tắm chó,Vệ sinh,239793
PRD0391,Khay vệ sinh mèo,Vệ sinh,397290
PRD0392,Orijen Chó,Thức ăn chó,541113
PRD0393,Canxi bổ sung,Chăm sóc sức khỏe,179601
PRD0394,Smartheart Chó Con,Thức ăn chó,583624
PRD0395,Bóng tennis chó,Đồ chơi,69129
PRD0396,Sữa cho mèo con,Chăm sóc sức khỏe,324004
PRD0397,Bát ăn inox,Phụ kiện,252959
PRD0398,Máy cạo lông,Dụng cụ grooming,139895
PRD0399,Blue Buffalo Mèo,Thức ăn mèo,527944
PRD0400,Bịch rác thú cưng,Vệ sinh,154304
PRD0401,Máy cạo lông,Dụng cụ grooming,106180
PRD0402,Bịch rác thú cưng,Vệ sinh,391989
PRD0403,Bát ăn inox,Phụ kiện,474286
PRD0404,Xịt khử mùi,Vệ sinh,175141
PRD0405,Rọ mõm chó,Phụ kiện,384779
PRD0406,Hill's Science Diet Mèo,Thức ăn mèo,408627
PRD0407,Khăn choàng chó,Phụ kiện,172578
PRD0408,Sữa cho mèo con,Chăm sóc sức khỏe,236934
PRD0409,Me-O Premium,Thức ăn mèo,538198
PRD0410,Dog Mania Premium,Thức ăn chó,576759
PRD0411,Khăn choàng chó,Phụ kiện,115845
PRD0412,Bàn chải đánh răng,Dụng cụ grooming,130277
PRD0413,Bóng cao su chó,Đồ chơi,73115
PRD0414,Bóng lông vũ mèo,Đồ chơi,98299
PRD0415,Smartheart Chó Con,Thức ăn chó,637997
PRD0416,Dây thừng kéo,Đồ chơi,77134
PRD0417,Dầu gội tắm chó,Vệ sinh,317565
PRD0418,Nệm ngủ cho thú cưng,Phụ kiện,351209
PRD0419,Lược chải lông,Dụng cụ grooming,305635
PRD0420,Smartheart Chó Con,Thức ăn chó,497221
PRD0421,Khăn choàng chó,Phụ kiện,66262
PRD0422,Chuông leng keng,Đồ chơi,112503
PRD0423,Chuột bông cho mèo,Đồ chơi,195906
PRD0424,Thuốc vệ sinh tai,Chăm sóc sức khỏe,386868
PRD0425,Acana Chó,Thức ăn chó,207628
PRD0426,Blue Buffalo Mèo,Thức ăn mèo,157221
PRD0427,Vitamin cho chó,Chăm sóc sức khỏe,255859
PRD0428,Classic Pets Chó,Thức ăn chó,429989
PRD0429,Royal Canin Adult Chó,Thức ăn chó,688351
PRD0430,Thuốc vệ sinh tai,Chăm sóc sức khỏe,177041
PRD0431,Găng tay chải lông,Dụng cụ grooming,299272
PRD0432,Khăn choàng chó,Phụ kiện,436757
PRD0433,Dây thừng kéo,Đồ chơi,134647
PRD0434,Blue Buffalo Mèo,Thức ăn mèo,545875
PRD0435,Cat's Eye,Thức ăn mèo,404183
PRD0436,Áo mưa thú cưng,Phụ kiện,225690
PRD0437,Thuốc nhỏ mắt,Chăm sóc sức khỏe,267764
PRD0438,Classic Pets Chó,Thức ăn chó,522157
PRD0439,Cat's Eye,Thức ăn mèo,639380
PRD0440,Thuốc vệ sinh tai,Chăm sóc sức khỏe,139987
PRD0441,Sữa cho mèo con,Chăm sóc sức khỏe,267422
PRD0442,Smartheart Chó Con,Thức ăn chó,477822
PRD0443,Chuông leng keng,Đồ chơi,175990
PRD0444,Sữa tắm dưỡng lông,Vệ sinh,256511
PRD0445,Smartheart Chó Con,Thức ăn chó,633982
PRD0446,Bột sữa cho chó con,Chăm sóc sức khỏe,234136
PRD0447,Catsrang Mèo,Thức ăn mèo,589050
PRD0448,Cây leo mèo 3 tầng,Đồ chơi,61790
PRD0449,Bàn grooming,Dụng cụ grooming,222014
PRD0450,Dây dắt chó cỡ lớn,Phụ kiện,106117
PRD0451,Lược chải lông,Dụng cụ grooming,199362
PRD0452,Royal Canin Mèo,Thức ăn mèo,445239
PRD0453,Xịt khử mùi,Vệ sinh,186961
PRD0454,Blue Buffalo Mèo,Thức ăn mèo,214061
PRD0455,Giày đi mưa chó,Phụ kiện,133706
PRD0456,Frisbee chó,Đồ chơi,183317
PRD0457,Áo mưa thú cưng,Phụ kiện,108259
PRD0458,Minino Yum,Thức ăn mèo,478556
PRD0459,ANF Chó Trưởng Thành,Thức ăn chó,729966
PRD0460,Dog Mania Premium,Thức ăn chó,482089
PRD0461,Thuốc nhỏ mắt,Chăm sóc sức khỏe,124782
PRD0462,Găng tay chải lông,Dụng cụ grooming,394191
PRD0463,Kéo cắt móng,Dụng cụ grooming,321005
PRD0464,Khăn ướt thú cưng,Vệ sinh,223826
PRD0465,Tunnel chơi cho mèo,Đồ chơi,157545
PRD0466,Sữa tắm dưỡng lông,Vệ sinh,291882
PRD0467,Chuồng mèo inox,Phụ kiện,423270
PRD0468,Dog Mania Premium,Thức ăn chó,687305
PRD0469,Me-O Premium,Thức ăn mèo,263499
PRD0470,Xương gặm sạch răng,Đồ chơi,102133
PRD0471,Chuột bông cho mèo,Đồ chơi,142716
PRD0472,Bóng lông vũ mèo,Đồ chơi,277499
PRD0473,Frisbee chó,Đồ chơi,137879
PRD0474,Kéo tỉa lông chuyên dụng,Dụng cụ grooming,326186
PRD0475,Cat's Eye,Thức ăn mèo,718586
PRD0476,Cát vệ sinh mèo,Vệ sinh,353580
PRD0477,Khăn ướt thú cưng,Vệ sinh,367689
PRD0478,Cát vệ sinh mèo,Vệ sinh,104610
PRD0479,Chuột bông cho mèo,Đồ chơi,52887
PRD0480,Bột sữa cho chó con,Chăm sóc sức khỏe,119706
PRD0481,Sữa cho mèo con,Chăm sóc sức khỏe,204691
PRD0482,Cat's Eye,Thức ăn mèo,676199
PRD0483,Kéo tỉa lông chuyên dụng,Dụng cụ grooming,144313
PRD0484,Bóng lông vũ mèo,Đồ chơi,298533
PRD0485,Bịch rác thú cưng,Vệ sinh,341577
PRD0486,Khăn ướt thú cưng,Vệ sinh,324697
PRD0487,Cát vệ sinh mèo,Vệ sinh,126231
PRD0488,Chuồng mèo inox,Phụ kiện,356307
PRD0489,Catidea Premium,Thức ăn mèo,646911
PRD0490,Me-O Premium,Thức ăn mèo,714532
PRD0491,Khăn choàng chó,Phụ kiện,226388
PRD0492,Nệm ngủ cho thú cưng,Phụ kiện,131306
PRD0493,Rọ mõm chó,Phụ kiện,201341
PRD0494,Bát nước tự động,Phụ kiện,215343
PRD0495,Lồng vận chuyển,Phụ kiện,88879
PRD0496,Máy cạo lông,Dụng cụ grooming,86024
PRD0497,Vòng cổ chó da,Phụ kiện,97775
PRD0498,Túi mèo catnip,Đồ chơi,275294
PRD0499,Whiskas Hạt,Thức ăn mèo,270366
PRD0500,Giày đi mưa chó,Phụ kiện,497005
PRD0501,Orijen Chó,Thức ăn chó,502473
PRD0502,Taste of the Wild Chó,Thức ăn chó,663639
PRD0503,Chuột bông cho mèo,Đồ chơi,104402
PRD0504,Lược chải lông,Dụng cụ grooming,334180
PRD0505,Khay vệ sinh mèo,Vệ sinh,373728
PRD0506,Khăn choàng chó,Phụ kiện,465151
PRD0507,Kem dưỡng da,Chăm sóc sức khỏe,108534
PRD0508,Royal Canin Adult Chó,Thức ăn chó,574107
PRD0509,Bịch rác thú cưng,Vệ sinh,257896
PRD0510,Cat's Eye,Thức ăn mèo,691893
PRD0511,Tunnel chơi cho mèo,Đồ chơi,64957
PRD0512,Chuông leng keng,Đồ chơi,263349
PRD0513,Bóng tennis chó,Đồ chơi,181804
PRD0514,Bột sữa cho chó con,Chăm sóc sức khỏe,366845
PRD0515,Royal Canin Adult Chó,Thức ăn chó,788970
PRD0516,Găng tay chải lông,Dụng cụ grooming,120915
PRD0517,Lồng vận chuyển,Phụ kiện,164133
PRD0518,Sữa tắm dưỡng lông,Vệ sinh,239193
PRD0519,Chuồng mèo inox,Phụ kiện,201643
PRD0520,Găng tay chải lông,Dụng cụ grooming,195952
PRD0521,Bóng tennis chó,Đồ chơi,231015
PRD0522,Sữa tắm dưỡng lông,Vệ sinh,345089
PRD0523,Lồng vận chuyển,Phụ kiện,162583
PRD0524,Máy cạo lông,Dụng cụ grooming,274593
PRD0525,Kéo cắt móng,Dụng cụ grooming,214647
PRD0526,Blue Buffalo Mèo,Thức ăn mèo,497810
PRD0527,Royal Canin Adult Chó,Thức ăn chó,418150
PRD0528,Bàn chải đánh răng,Dụng cụ grooming,226172
PRD0529,Whiskas Hạt,Thức ăn mèo,633248
PRD0530,Dầu cá omega 3,Chăm sóc sức khỏe,333694
PRD0531,Khăn ướt thú cưng,Vệ sinh,307848
PRD0532,Dây dắt chó cỡ lớn,Phụ kiện,267380
PRD0533,Kem dưỡng da,Chăm sóc sức khỏe,307570
PRD0534,Bát nước tự động,Phụ kiện,69813
PRD0535,Tunnel chơi cho mèo,Đồ chơi,271886
PRD0536,Minino Yum,Thức ăn mèo,614427
PRD0537,Me-O Premium,Thức ăn mèo,752460
PRD0538,Wellness Chó,Thức ăn chó,641499
PRD0539,Lồng vận chuyển,Phụ kiện,325538
PRD0540,Vitamin cho chó,Chăm sóc sức khỏe,276582
PRD0541,Chuồng mèo inox,Phụ kiện,136504
PRD0542,Dầu gội mèo,Vệ sinh,362527
PRD0543,Pedigree Hạt Khô,Thức ăn chó,645251
PRD0544,Thuốc vệ sinh tai,Chăm sóc sức khỏe,306879
PRD0545,Dog Mania Premium,Thức ăn chó,415234
PRD0546,Máy sấy lông,Dụng cụ grooming,326339
PRD0547,Royal Canin Adult Chó,Thức ăn chó,689440
PRD0548,Ganador Adult,Thức ăn chó,621011
PRD0549,Whiskas Hạt,Thức ăn mèo,674809
PRD0550,Royal Canin Mèo,Thức ăn mèo,245777
PRD0551,Catsrang Mèo,Thức ăn mèo,299805
PRD0552,Bóng cao su chó,Đồ chơi,285414
PRD0553,Whiskas Hạt,Thức ăn mèo,724872
PRD0554,Xịt khử mùi,Vệ sinh,110786
PRD0555,Sữa tắm dưỡng lông,Vệ sinh,162855
PRD0556,Canxi bổ sung,Chăm sóc sức khỏe,361974
PRD0557,Áo mưa thú cưng,Phụ kiện,169718
PRD0558,Laser pointer mèo,Đồ chơi,37772
PRD0559,Canxi bổ sung,Chăm sóc sức khỏe,87518
PRD0560,Frisbee chó,Đồ chơi,129309
PRD0561,Men tiêu hóa,Chăm sóc sức khỏe,122811
PRD0562,Hill's Science Diet Mèo,Thức ăn mèo,604955
PRD0563,Kéo tỉa lông chuyên dụng,Dụng cụ grooming,349318
PRD0564,Thuốc nhỏ mắt,Chăm sóc sức khỏe,172516
PRD0565,Thuốc vệ sinh tai,Chăm sóc sức khỏe,124423
PRD0566,Acana Chó,Thức ăn chó,442832
PRD0567,Chuột bông cho mèo,Đồ chơi,163834
PRD0568,Tunnel chơi cho mèo,Đồ chơi,142186
PRD0569,Royal Canin Mèo,Thức ăn mèo,637840
PRD0570,Classic Pets Chó,Thức ăn chó,444719
PRD0571,Felidae Mèo,Thức ăn mèo,525353
PRD0572,Whiskas Hạt,Thức ăn mèo,256415
PRD0573,Taste of the Wild Chó,Thức ăn chó,794603
PRD0574,Bóng cao su chó,Đồ chơi,298484
PRD0575,Bát ăn inox,Phụ kiện,496815
PRD0576,Classic Pets Chó,Thức ăn chó,584520
PRD0577,Bóng lông vũ mèo,Đồ chơi,256941
PRD0578,Men tiêu hóa,Chăm sóc sức khỏe,389381
PRD0579,Kéo cắt móng,Dụng cụ grooming,339300
PRD0580,Royal Canin Mèo,Thức ăn mèo,449062
PRD0581,Nệm ngủ cho thú cưng,Phụ kiện,146760
PRD0582,Cây leo mèo 3 tầng,Đồ chơi,185234
PRD0583,Pedigree Hạt Khô,Thức ăn chó,172374
PRD0584,Kéo tỉa lông chuyên dụng,Dụng cụ grooming,241599
PRD0585,Ganador Adult,Thức ăn chó,702625
PRD0586,Dầu gội tắm chó,Vệ sinh,278899
PRD0587,Dầu gội mèo,Vệ sinh,311156
PRD0588,Laser pointer mèo,Đồ chơi,123992
PRD0589,Bóng lông vũ mèo,Đồ chơi,123906
PRD0590,Blue Buffalo Mèo,Thức ăn mèo,177855
PRD0591,Ba lô mèo cổ tròn,Phụ kiện,164116
PRD0592,Canxi bổ sung,Chăm sóc sức khỏe,316755
PRD0593,Vòng cổ chó da,Phụ kiện,405924
PRD0594,Bát ăn inox,Phụ kiện,195861
PRD0595,Me-O Premium,Thức ăn mèo,197899
PRD0596,Bịch rác thú cưng,Vệ sinh,286834
PRD0597,Hill's Science Diet Mèo,Thức ăn mèo,310831
PRD0598,Khăn ướt thú cưng,Vệ sinh,361314
PRD0599,Dầu cá omega 3,Chăm sóc sức khỏe,392452
PRD0600,Cat's Eye,Thức ăn mèo,635284
PRD0601,Bịch rác thú cưng,Vệ sinh,182395
PRD0602,Khăn choàng chó,Phụ kiện,215600
PRD0603,Dây thừng kéo,Đồ chơi,277518
PRD0604,Orijen Chó,Thức ăn chó,250410
PRD0605,Royal Canin Adult Chó,Thức ăn chó,626395
PRD0606,Nước hoa xịt thú cưng,Vệ sinh,92962
PRD0607,Khăn ướt thú cưng,Vệ sinh,392659
PRD0608,Blue Buffalo Mèo,Thức ăn mèo,704284
PRD0609,Cát vệ sinh mèo,Vệ sinh,395273
PRD0610,ANF Chó Trưởng Thành,Thức ăn chó,233131
PRD0611,Bóng cao su chó,Đồ chơi,279924
PRD0612,Kéo tỉa lông chuyên dụng,Dụng cụ grooming,265889
PRD0613,Royal Canin Mèo,Thức ăn mèo,297873
PRD0614,Găng tay chải lông,Dụng cụ grooming,153893
PRD0615,Vòng cổ chó da,Phụ kiện,308646
PRD0616,Bột sữa cho chó con,Chăm sóc sức khỏe,171730
PRD0617,Rọ mõm chó,Phụ kiện,247108
PRD0618,Ganador Adult,Thức ăn chó,245168
PRD0619,Sữa cho mèo con,Chăm sóc sức khỏe,261269
PRD0620,Bàn chải đánh răng,Dụng cụ grooming,221708
PRD0621,Minino Yum,Thức ăn mèo,570683
PRD0622,Vitamin cho chó,Chăm sóc sức khỏe,172837
PRD0623,Purina One,Thức ăn mèo,767791
PRD0624,Men tiêu hóa,Chăm sóc sức khỏe,387220
PRD0625,Cát vệ sinh mèo,Vệ sinh,100571
PRD0626,Cát vệ sinh mèo,Vệ sinh,254383
PRD0627,Nệm ngủ cho thú cưng,Phụ kiện,120288
PRD0628,Cat's Eye,Thức ăn mèo,183808
PRD0629,Thuốc nhỏ mắt,Chăm sóc sức khỏe,327419
PRD0630,Pedigree Hạt Khô,Thức ăn chó,449050
PRD0631,Kéo cắt móng,Dụng cụ grooming,226366
PRD0632,Bát nước tự động,Phụ kiện,65527
PRD0633,Kem dưỡng da,Chăm sóc sức khỏe,217039
PRD0634,Dây thừng kéo,Đồ chơi,256188
PRD0635,Chuồng mèo inox,Phụ kiện,437513
PRD0636,Bịch rác thú cưng,Vệ sinh,313315
PRD0637,Sữa cho mèo con,Chăm sóc sức khỏe,121081
PRD0638,Lược chải lông,Dụng cụ grooming,385719
PRD0639,Áo mưa thú cưng,Phụ kiện,90290
PRD0640,Men tiêu hóa,Chăm sóc sức khỏe,111879
PRD0641,Vòng cổ chó da,Phụ kiện,78127
PRD0642,Kéo cắt móng,Dụng cụ grooming,195424
PRD0643,Hill's Science Diet Mèo,Thức ăn mèo,166012
PRD0644,Canxi bổ sung,Chăm sóc sức khỏe,140031
PRD0645,Dầu gội mèo,Vệ sinh,98233
PRD0646,Găng tay chải lông,Dụng cụ grooming,289350
PRD0647,Khay vệ sinh mèo,Vệ sinh,257413
PRD0648,Ba lô mèo cổ tròn,Phụ kiện,298656
PRD0649,Túi mèo catnip,Đồ chơi,286930
PRD0650,Bóng cao su chó,Đồ chơi,164399
PRD0651,Khay vệ sinh mèo,Vệ sinh,163636
PRD0652,Cát vệ sinh mèo,Vệ sinh,282944
PRD0653,Purina One,Thức ăn mèo,751058
PRD0654,Lồng vận chuyển,Phụ kiện,375269
PRD0655,Sữa tắm dưỡng lông,Vệ sinh,117542
PRD0656,Vitamin cho chó,Chăm sóc sức khỏe,361201
PRD0657,Wellness Chó,Thức ăn chó,536964
PRD0658,Nệm ngủ cho thú cưng,Phụ kiện,179766
PRD0659,Chuông leng keng,Đồ chơi,84329
PRD0660,Khay vệ sinh mèo,Vệ sinh,374999
PRD0661,Tunnel chơi cho mèo,Đồ chơi,194136
PRD0662,Laser pointer mèo,Đồ chơi,269191
PRD0663,Giày đi mưa chó,Phụ kiện,372636
PRD0664,Khăn ướt thú cưng,Vệ sinh,241778
PRD0665,Máy cạo lông,Dụng cụ grooming,270074
PRD0666,Nệm ngủ cho thú cưng,Phụ kiện,302865
PRD0667,Royal Canin Mèo,Thức ăn mèo,684863
PRD0668,Nước hoa xịt thú cưng,Vệ sinh,159655
PRD0669,Dầu gội mèo,Vệ sinh,198420
PRD0670,Bột sữa cho chó con,Chăm sóc sức khỏe,135646
PRD0671,Frisbee chó,Đồ chơi,41517
PRD0672,ANF Chó Trưởng Thành,Thức ăn chó,769108
PRD0673,Dầu cá omega 3,Chăm sóc sức khỏe,360301
PRD0674,Bát ăn inox,Phụ kiện,143170
PRD0675,Dầu gội tắm chó,Vệ sinh,228081
PRD0676,Chuồng mèo inox,Phụ kiện,372479
PRD0677,Dầu gội tắm chó,Vệ sinh,183936
PRD0678,Wellness Chó,Thức ăn chó,342349
PRD0679,Ba lô mèo cổ tròn,Phụ kiện,57427
PRD0680,Bột sữa cho chó con,Chăm sóc sức khỏe,336461
PRD0681,Sữa tắm dưỡng lông,Vệ sinh,293916
PRD0682,Taste of the Wild Chó,Thức ăn chó,349002
PRD0683,Vitamin cho chó,Chăm sóc sức khỏe,303700
PRD0684,Frisbee chó,Đồ chơi,115056
PRD0685,Kéo tỉa lông chuyên dụng,Dụng cụ grooming,340581
PRD0686,Ba lô mèo cổ tròn,Phụ kiện,139966
PRD0687,Dầu gội mèo,Vệ sinh,147668
PRD0688,Bóng cao su chó,Đồ chơi,108517
PRD0689,Acana Chó,Thức ăn chó,717239
PRD0690,Máy cạo lông,Dụng cụ grooming,327891
PRD0691,Kem dưỡng da,Chăm sóc sức khỏe,366832
PRD0692,Xịt khử mùi,Vệ sinh,173544
PRD0693,Kéo cắt móng,Dụng cụ grooming,196336
PRD0694,Sữa tắm dưỡng lông,Vệ sinh,111471
PRD0695,Thuốc vệ sinh tai,Chăm sóc sức khỏe,97443
PRD0696,Whiskas Hạt,Thức ăn mèo,384153
PRD0697,Laser pointer mèo,Đồ chơi,264822
PRD0698,Blue Buffalo Mèo,Thức ăn mèo,650191
PRD0699,Thuốc nhỏ mắt,Chăm sóc sức khỏe,166008
PRD0700,Kéo cắt móng,Dụng cụ grooming,109027
PRD0701,Lược chải lông,Dụng cụ grooming,272775
PRD0702,Kem dưỡng da,Chăm sóc sức khỏe,186068
PRD0703,Men tiêu hóa,Chăm sóc sức khỏe,277095
PRD0704,Cat's Eye,Thức ăn mèo,226422
PRD0705,Dây thừng kéo,Đồ chơi,113467
PRD0706,Orijen Chó,Thức ăn chó,198729
PRD0707,Pedigree Hạt Khô,Thức ăn chó,709728
PRD0708,Kéo tỉa lông chuyên dụng,Dụng cụ grooming,123454
PRD0709,Máy cạo lông,Dụng cụ grooming,364504
PRD0710,Tunnel chơi cho mèo,Đồ chơi,242084
PRD0711,Xịt khử mùi,Vệ sinh,269812
PRD0712,Kéo cắt móng,Dụng cụ grooming,310621
PRD0713,Lược chải lông,Dụng cụ grooming,343604
PRD0714,Nước hoa xịt thú cưng,Vệ sinh,141418
PRD0715,Bịch rác thú cưng,Vệ sinh,361479
PRD0716,Royal Canin Mèo,Thức ăn mèo,360168
PRD0717,Cây leo mèo 3 tầng,Đồ chơi,150205
PRD0718,Lược chải lông,Dụng cụ grooming,308275
PRD0719,Men tiêu hóa,Chăm sóc sức khỏe,213188
PRD0720,Chuông leng keng,Đồ chơi,246341
PRD0721,Bát nước tự động,Phụ kiện,446744
PRD0722,Sữa cho mèo con,Chăm sóc sức khỏe,308894
PRD0723,Dầu gội tắm chó,Vệ sinh,164960
PRD0724,Me-O Premium,Thức ăn mèo,487022
PRD0725,Catsrang Mèo,Thức ăn mèo,501298
PRD0726,Blue Buffalo Mèo,Thức ăn mèo,359896
PRD0727,Dây thừng kéo,Đồ chơi,232439
PRD0728,Kéo cắt móng,Dụng cụ grooming,375532
PRD0729,Dầu gội mèo,Vệ sinh,373843
PRD0730,Purina One,Thức ăn mèo,301425
PRD0731,Áo mưa thú cưng,Phụ kiện,318884
PRD0732,Purina One,Thức ăn mèo,624086
PRD0733,Bột sữa cho chó con,Chăm sóc sức khỏe,380847
PRD0734,Bát ăn inox,Phụ kiện,320102
PRD0735,Nutri Source Chó,Thức ăn chó,327014
PRD0736,Wellness Chó,Thức ăn chó,487916
PRD0737,Vòng cổ chó da,Phụ kiện,259573
PRD0738,Vòng cổ chó da,Phụ kiện,229156
PRD0739,Máy cạo lông,Dụng cụ grooming,131121
PRD0740,Whiskas Hạt,Thức ăn mèo,370669
PRD0741,Lồng vận chuyển,Phụ kiện,204175
PRD0742,Vitamin cho chó,Chăm sóc sức khỏe,127183
PRD0743,Orijen Chó,Thức ăn chó,388431
PRD0744,Catsrang Mèo,Thức ăn mèo,700947
PRD0745,Canxi bổ sung,Chăm sóc sức khỏe,137694
PRD0746,Felidae Mèo,Thức ăn mèo,398443
PRD0747,Catsrang Mèo,Thức ăn mèo,692582
PRD0748,Purina One,Thức ăn mèo,504444
PRD0749,Găng tay chải lông,Dụng cụ grooming,343615
PRD0750,Bát ăn inox,Phụ kiện,59092
PRD0751,Lồng vận chuyển,Phụ kiện,397045
PRD0752,Ganador Adult,Thức ăn chó,582712
PRD0753,Dầu gội tắm chó,Vệ sinh,110567
PRD0754,Máy sấy lông,Dụng cụ grooming,393042
PRD0755,Taste of the Wild Chó,Thức ăn chó,459281
PRD0756,Men tiêu hóa,Chăm sóc sức khỏe,188909
PRD0757,Laser pointer mèo,Đồ chơi,96822
PRD0758,Máy cạo lông,Dụng cụ grooming,198698
PRD0759,Sữa cho mèo con,Chăm sóc sức khỏe,252272
PRD0760,Bịch rác thú cưng,Vệ sinh,144687
PRD0761,Chuông leng keng,Đồ chơi,162803
PRD0762,Dầu gội tắm chó,Vệ sinh,284699
PRD0763,Khay vệ sinh mèo,Vệ sinh,262442
PRD0764,Canxi bổ sung,Chăm sóc sức khỏe,175085
PRD0765,Bóng tennis chó,Đồ chơi,279976
PRD0766,Cat's Eye,Thức ăn mèo,427974
PRD0767,Tunnel chơi cho mèo,Đồ chơi,31803
PRD0768,Sữa tắm dưỡng lông,Vệ sinh,107812
PRD0769,Men tiêu hóa,Chăm sóc sức khỏe,156247
PRD0770,Bàn grooming,Dụng cụ grooming,248018
PRD0771,Bịch rác thú cưng,Vệ sinh,250754
PRD0772,Classic Pets Chó,Thức ăn chó,510513
PRD0773,Wellness Chó,Thức ăn chó,492814
PRD0774,Dầu gội tắm chó,Vệ sinh,334329
PRD0775,Khăn choàng chó,Phụ kiện,182723
PRD0776,Vòng cổ chó da,Phụ kiện,485354
PRD0777,Khăn ướt thú cưng,Vệ sinh,107202
PRD0778,Khăn choàng chó,Phụ kiện,79681
PRD0779,Chuột bông cho mèo,Đồ chơi,52676
PRD0780,Máy cạo lông,Dụng cụ grooming,233869
PRD0781,Dây thừng kéo,Đồ chơi,44246
PRD0782,Bát ăn inox,Phụ kiện,450992
PRD0783,Sữa cho mèo con,Chăm sóc sức khỏe,107423
PRD0784,Lồng vận chuyển,Phụ kiện,416957
PRD0785,Minino Yum,Thức ăn mèo,698578
PRD0786,Royal Canin Mèo,Thức ăn mèo,181495
PRD0787,Khay vệ sinh mèo,Vệ sinh,380676
PRD0788,Lược chải lông,Dụng cụ grooming,287977
PRD0789,Chuông leng keng,Đồ chơi,116256
PRD0790,Vitamin cho chó,Chăm sóc sức khỏe,81394
PRD0791,Khay vệ sinh mèo,Vệ sinh,264850
PRD0792,Bàn grooming,Dụng cụ grooming,252961
PRD0793,Bàn chải đánh răng,Dụng cụ grooming,129394
PRD0794,Chuồng mèo inox,Phụ kiện,470001
PRD0795,Rọ mõm chó,Phụ kiện,394122
PRD0796,Thuốc vệ sinh tai,Chăm sóc sức khỏe,80489
PRD0797,Canxi bổ sung,Chăm sóc sức khỏe,232423
PRD0798,Dây thừng kéo,Đồ chơi,40364
PRD0799,Bịch rác thú cưng,Vệ sinh,103589
PRD0800,Khăn choàng chó,Phụ kiện,121944
PRD0801,Bàn grooming,Dụng cụ grooming,161551
PRD0802,Chuông leng keng,Đồ chơi,31423
PRD0803,Máy cạo lông,Dụng cụ grooming,146709
PRD0804,Máy sấy lông,Dụng cụ grooming,288229
PRD0805,Purina One,Thức ăn mèo,785146
PRD0806,Kéo cắt móng,Dụng cụ grooming,150570
PRD0807,Laser pointer mèo,Đồ chơi,152217
PRD0808,Chuột bông cho mèo,Đồ chơi,275845
PRD0809,Taste of the Wild Chó,Thức ăn chó,670851
PRD0810,Găng tay chải lông,Dụng cụ grooming,293150
PRD0811,Orijen Chó,Thức ăn chó,213822
PRD0812,Cát vệ sinh mèo,Vệ sinh,239817
PRD0813,Hill's Science Diet Mèo,Thức ăn mèo,670124
PRD0814,Classic Pets Chó,Thức ăn chó,525468
PRD0815,Dây thừng kéo,Đồ chơi,285506
PRD0816,Felidae Mèo,Thức ăn mèo,520846
PRD0817,Minino Yum,Thức ăn mèo,386949
PRD0818,ANF Chó Trưởng Thành,Thức ăn chó,469479
PRD0819,Lược chải lông,Dụng cụ grooming,237656
PRD0820,Taste of the Wild Chó,Thức ăn chó,716333
PRD0821,Khăn ướt thú cưng,Vệ sinh,290792
PRD0822,Bịch rác thú cưng,Vệ sinh,399246
PRD0823,Taste of the Wild Chó,Thức ăn chó,309975
PRD0824,Bóng cao su chó,Đồ chơi,148518
PRD0825,Xương gặm sạch răng,Đồ chơi,121827
PRD0826,Royal Canin Mèo,Thức ăn mèo,695015
PRD0827,Dầu gội tắm chó,Vệ sinh,87975
PRD0828,Nệm ngủ cho thú cưng,Phụ kiện,438316
PRD0829,Cát vệ sinh mèo,Vệ sinh,204921
PRD0830,Catidea Premium,Thức ăn mèo,230287
PRD0831,Cát vệ sinh mèo,Vệ sinh,234000
PRD0832,Bàn chải đánh răng,Dụng cụ grooming,308147
PRD0833,Khăn ướt thú cưng,Vệ sinh,191085
PRD0834,Bát ăn inox,Phụ kiện,235642
PRD0835,Pedigree Hạt Khô,Thức ăn chó,292605
PRD0836,Ba lô mèo cổ tròn,Phụ kiện,97748
PRD0837,Cây leo mèo 3 tầng,Đồ chơi,193879
PRD0838,Vòng cổ chó da,Phụ kiện,445278
PRD0839,Ganador Adult,Thức ăn chó,534208
PRD0840,Thuốc nhỏ mắt,Chăm sóc sức khỏe,322926
PRD0841,Dầu gội mèo,Vệ sinh,130431
PRD0842,Bàn chải đánh răng,Dụng cụ grooming,335574
PRD0843,Purina One,Thức ăn mèo,383901
PRD0844,Nước hoa xịt thú cưng,Vệ sinh,93316
PRD0845,Acana Chó,Thức ăn chó,374960
PRD0846,Thuốc vệ sinh tai,Chăm sóc sức khỏe,230075
PRD0847,Bột sữa cho chó con,Chăm sóc sức khỏe,387255
PRD0848,Felidae Mèo,Thức ăn mèo,393885
PRD0849,Felidae Mèo,Thức ăn mèo,206208
PRD0850,Canxi bổ sung,Chăm sóc sức khỏe,102798
PRD0851,Khăn choàng chó,Phụ kiện,153839
PRD0852,Dây dắt chó cỡ lớn,Phụ kiện,378097
PRD0853,Khăn choàng chó,Phụ kiện,388066
PRD0854,Nutri Source Chó,Thức ăn chó,177747
PRD0855,Máy sấy lông,Dụng cụ grooming,132587
PRD0856,Cây leo mèo 3 tầng,Đồ chơi,143654
PRD0857,Khăn ướt thú cưng,Vệ sinh,252693
PRD0858,Thuốc vệ sinh tai,Chăm sóc sức khỏe,276442
PRD0859,Catidea Premium,Thức ăn mèo,361146
PRD0860,Ganador Adult,Thức ăn chó,749238
PRD0861,Wellness Chó,Thức ăn chó,629626
PRD0862,Ganador Adult,Thức ăn chó,771110
PRD0863,Găng tay chải lông,Dụng cụ grooming,279130
PRD0864,Dầu cá omega 3,Chăm sóc sức khỏe,109596
PRD0865,Nệm ngủ cho thú cưng,Phụ kiện,86508
PRD0866,Kem dưỡng da,Chăm sóc sức khỏe,273179
PRD0867,Ganador Adult,Thức ăn chó,608755
PRD0868,Bịch rác thú cưng,Vệ sinh,188471
PRD0869,Wellness Chó,Thức ăn chó,710218
PRD0870,Laser pointer mèo,Đồ chơi,145503
PRD0871,Acana Chó,Thức ăn chó,313818
PRD0872,Kéo tỉa lông chuyên dụng,Dụng cụ grooming,239497
PRD0873,Găng tay chải lông,Dụng cụ grooming,298722
PRD0874,Acana Chó,Thức ăn chó,168241
PRD0875,Dây dắt chó cỡ lớn,Phụ kiện,275257
PRD0876,Chuồng mèo inox,Phụ kiện,59816
PRD0877,Taste of the Wild Chó,Thức ăn chó,219386
PRD0878,Dây dắt chó cỡ lớn,Phụ kiện,127590
PRD0879,Chuột bông cho mèo,Đồ chơi,290701
PRD0880,Dog Mania Premium,Thức ăn chó,457118
PRD0881,Dog Mania Premium,Thức ăn chó,611350
PRD0882,Lược chải lông,Dụng cụ grooming,252434
PRD0883,Frisbee chó,Đồ chơi,115852
PRD0884,Taste of the Wild Chó,Thức ăn chó,193080
PRD0885,Bát ăn inox,Phụ kiện,485497
PRD0886,Máy sấy lông,Dụng cụ grooming,305441
PRD0887,Nệm ngủ cho thú cưng,Phụ kiện,433584
PRD0888,Khăn ướt thú cưng,Vệ sinh,373178
PRD0889,Ba lô mèo cổ tròn,Phụ kiện,413380
PRD0890,Kéo tỉa lông chuyên dụng,Dụng cụ grooming,124923
PRD0891,Bóng lông vũ mèo,Đồ chơi,189984
PRD0892,Dog Mania Premium,Thức ăn chó,554814
PRD0893,Bàn chải đánh răng,Dụng cụ grooming,336929
PRD0894,Men tiêu hóa,Chăm sóc sức khỏe,275320
PRD0895,Vòng cổ chó da,Phụ kiện,307941
PRD0896,Sữa tắm dưỡng lông,Vệ sinh,101341
PRD0897,Minino Yum,Thức ăn mèo,381314
PRD0898,Dây dắt chó cỡ lớn,Phụ kiện,131365
PRD0899,Taste of the Wild Chó,Thức ăn chó,358380
PRD0900,Bàn chải đánh răng,Dụng cụ grooming,280854
PRD0901,Hill's Science Diet Mèo,Thức ăn mèo,276085
PRD0902,Felidae Mèo,Thức ăn mèo,585142
PRD0903,Thuốc vệ sinh tai,Chăm sóc sức khỏe,144993
PRD0904,Purina One,Thức ăn mèo,361759
PRD0905,Vitamin cho chó,Chăm sóc sức khỏe,306808
PRD0906,Dầu cá omega 3,Chăm sóc sức khỏe,211015
PRD0907,Dog Mania Premium,Thức ăn chó,629359
PRD0908,Bàn grooming,Dụng cụ grooming,347972
PRD0909,Dầu gội mèo,Vệ sinh,316013
PRD0910,Lồng vận chuyển,Phụ kiện,71491
PRD0911,Purina One,Thức ăn mèo,418204
PRD0912,Bàn chải đánh răng,Dụng cụ grooming,362765
PRD0913,Vòng cổ chó da,Phụ kiện,237721
PRD0914,Kéo tỉa lông chuyên dụng,Dụng cụ grooming,224281
PRD0915,Bóng lông vũ mèo,Đồ chơi,245502
PRD0916,Máy cạo lông,Dụng cụ grooming,82391
PRD0917,Bịch rác thú cưng,Vệ sinh,285513
PRD0918,Kéo tỉa lông chuyên dụng,Dụng cụ grooming,386132
PRD0919,Kéo tỉa lông chuyên dụng,Dụng cụ grooming,315586
PRD0920,Whiskas Hạt,Thức ăn mèo,682506
PRD0921,Catidea Premium,Thức ăn mèo,682832
PRD0922,Men tiêu hóa,Chăm sóc sức khỏe,199825
PRD0923,Giày đi mưa chó,Phụ kiện,186428
PRD0924,Lược chải lông,Dụng cụ grooming,162653
PRD0925,Sữa cho mèo con,Chăm sóc sức khỏe,212785
PRD0926,Catsrang Mèo,Thức ăn mèo,742990
PRD0927,Wellness Chó,Thức ăn chó,409954
PRD0928,Bát nước tự động,Phụ kiện,189408
PRD0929,Taste of the Wild Chó,Thức ăn chó,766263
PRD0930,Bịch rác thú cưng,Vệ sinh,182387
PRD0931,Dầu gội mèo,Vệ sinh,87305
PRD0932,Lồng vận chuyển,Phụ kiện,365473
PRD0933,Túi mèo catnip,Đồ chơi,266860
PRD0934,Xịt khử mùi,Vệ sinh,285634
PRD0935,Me-O Premium,Thức ăn mèo,463352
PRD0936,Kem dưỡng da,Chăm sóc sức khỏe,265059
PRD0937,Royal Canin Adult Chó,Thức ăn chó,263677
PRD0938,Cát vệ sinh mèo,Vệ sinh,284653
PRD0939,Tunnel chơi cho mèo,Đồ chơi,196733
PRD0940,Laser pointer mèo,Đồ chơi,63780
PRD0941,Găng tay chải lông,Dụng cụ grooming,234414
PRD0942,Hill's Science Diet Mèo,Thức ăn mèo,383838
PRD0943,Purina One,Thức ăn mèo,749486
PRD0944,Thuốc nhỏ mắt,Chăm sóc sức khỏe,309129
PRD0945,Lồng vận chuyển,Phụ kiện,373373
PRD0946,Vòng cổ chó da,Phụ kiện,231119
PRD0947,Purina One,Thức ăn mèo,469540
PRD0948,Máy sấy lông,Dụng cụ grooming,320959
PRD0949,Túi mèo catnip,Đồ chơi,55358
PRD0950,Taste of the Wild Chó,Thức ăn chó,593871
PRD0951,Bàn grooming,Dụng cụ grooming,126105
PRD0952,Bát nước tự động,Phụ kiện,108059
PRD0953,Bóng lông vũ mèo,Đồ chơi,158579
PRD0954,Men tiêu hóa,Chăm sóc sức khỏe,215562
PRD0955,Giày đi mưa chó,Phụ kiện,247457
PRD0956,Bàn grooming,Dụng cụ grooming,131072
PRD0957,Bàn grooming,Dụng cụ grooming,110981
PRD0958,Dầu gội mèo,Vệ sinh,381443
PRD0959,Men tiêu hóa,Chăm sóc sức khỏe,329257
PRD0960,Thuốc vệ sinh tai,Chăm sóc sức khỏe,352728
PRD0961,Khay vệ sinh mèo,Vệ sinh,226128
PRD0962,Lồng vận chuyển,Phụ kiện,112818
PRD0963,Giày đi mưa chó,Phụ kiện,79210
PRD0964,Dog Mania Premium,Thức ăn chó,612034
PRD0965,Thuốc vệ sinh tai,Chăm sóc sức khỏe,253456
PRD0966,Máy sấy lông,Dụng cụ grooming,321985
PRD0967,Giày đi mưa chó,Phụ kiện,423364
PRD0968,Bóng cao su chó,Đồ chơi,228516
PRD0969,Dầu cá omega 3,Chăm sóc sức khỏe,131548
PRD0970,Kem dưỡng da,Chăm sóc sức khỏe,270568
PRD0971,Catidea Premium,Thức ăn mèo,749094
PRD0972,Sữa cho mèo con,Chăm sóc sức khỏe,231628
PRD0973,Thuốc vệ sinh tai,Chăm sóc sức khỏe,128590
PRD0974,Nước hoa xịt thú cưng,Vệ sinh,267795
PRD0975,Dầu gội tắm chó,Vệ sinh,279540
PRD0976,Sữa tắm dưỡng lông,Vệ sinh,277510
PRD0977,Rọ mõm chó,Phụ kiện,50383
PRD0978,Bát ăn inox,Phụ kiện,403699
PRD0979,Smartheart Chó Con,Thức ăn chó,616379
PRD0980,Minino Yum,Thức ăn mèo,723394
PRD0981,Nutri Source Chó,Thức ăn chó,559557
PRD0982,Bàn chải đánh răng,Dụng cụ grooming,211587
PRD0983,Máy sấy lông,Dụng cụ grooming,348712
PRD0984,Xương gặm sạch răng,Đồ chơi,108950
PRD0985,Blue Buffalo Mèo,Thức ăn mèo,591168
PRD0986,Kéo cắt móng,Dụng cụ grooming,350166
PRD0987,Nutri Source Chó,Thức ăn chó,389479
PRD0988,Chuông leng keng,Đồ chơi,236346
PRD0989,Dây thừng kéo,Đồ chơi,152565
PRD0990,Cát vệ sinh mèo,Vệ sinh,365867
PRD0991,Dầu cá omega 3,Chăm sóc sức khỏe,125465
PRD0992,Dầu gội mèo,Vệ sinh,158452
PRD0993,Dây thừng kéo,Đồ chơi,261031
PRD0994,Máy cạo lông,Dụng cụ grooming,181341
PRD0995,Felidae Mèo,Thức ăn mèo,646227
PRD0996,Classic Pets Chó,Thức ăn chó,664462
PRD0997,Nước hoa xịt thú cưng,Vệ sinh,81650
PRD0998,Nệm ngủ cho thú cưng,Phụ kiện,495792
PRD0999,Khăn ướt thú cưng,Vệ sinh,108974
PRD1000,Thuốc nhỏ mắt,Chăm sóc sức khỏe,183954
PRD1001,Ganador Adult,Thức ăn chó,773370
PRD1002,Royal Canin Mèo,Thức ăn mèo,159942
PRD1003,Whiskas Hạt,Thức ăn mèo,266842
PRD1004,Dog Mania Premium,Thức ăn chó,561705
PRD1005,Kéo cắt móng,Dụng cụ grooming,399991
PRD1006,Dog Mania Premium,Thức ăn chó,522713
PRD1007,Classic Pets Chó,Thức ăn chó,367464
PRD1008,Men tiêu hóa,Chăm sóc sức khỏe,286501
PRD1009,Cát vệ sinh mèo,Vệ sinh,192515
PRD1010,Purina One,Thức ăn mèo,285633
PRD1011,Hill's Science Diet Mèo,Thức ăn mèo,242989
PRD1012,Kem dưỡng da,Chăm sóc sức khỏe,301993
PRD1013,Chuột bông cho mèo,Đồ chơi,294907
PRD1014,Pedigree Hạt Khô,Thức ăn chó,218691
PRD1015,Nutri Source Chó,Thức ăn chó,710630
PRD1016,Frisbee chó,Đồ chơi,159965
PRD1017,Cat's Eye,Thức ăn mèo,615965
PRD1018,Nutri Source Chó,Thức ăn chó,604084
PRD1019,Máy cạo lông,Dụng cụ grooming,347533
PRD1020,Chuông leng keng,Đồ chơi,185203
PRD1021,Frisbee chó,Đồ chơi,214137
PRD1022,Me-O Premium,Thức ăn mèo,604432
PRD1023,Cat's Eye,Thức ăn mèo,755912
PRD1024,Minino Yum,Thức ăn mèo,685087
PRD1025,Acana Chó,Thức ăn chó,485032
PRD1026,Acana Chó,Thức ăn chó,496989
PRD1027,Smartheart Chó Con,Thức ăn chó,341045
PRD1028,Áo mưa thú cưng,Phụ kiện,119112
PRD1029,Xương gặm sạch răng,Đồ chơi,162563
PRD1030,Máy cạo lông,Dụng cụ grooming,250261
PRD1031,Ba lô mèo cổ tròn,Phụ kiện,262125
PRD1032,Royal Canin Mèo,Thức ăn mèo,266871
PRD1033,Khăn ướt thú cưng,Vệ sinh,387460
PRD1034,Sữa cho mèo con,Chăm sóc sức khỏe,387991
PRD1035,Ba lô mèo cổ tròn,Phụ kiện,377436
PRD1036,Máy cạo lông,Dụng cụ grooming,259592
PRD1037,Kéo cắt móng,Dụng cụ grooming,201173
PRD1038,Royal Canin Adult Chó,Thức ăn chó,619971
PRD1039,Felidae Mèo,Thức ăn mèo,564799
PRD1040,Bịch rác thú cưng,Vệ sinh,181774
PRD1041,Orijen Chó,Thức ăn chó,200676
PRD1042,ANF Chó Trưởng Thành,Thức ăn chó,578621
PRD1043,Chuột bông cho mèo,Đồ chơi,49912
PRD1044,Blue Buffalo Mèo,Thức ăn mèo,333075
PRD1045,Chuồng mèo inox,Phụ kiện,130542
PRD1046,Chuột bông cho mèo,Đồ chơi,150441
PRD1047,Máy cạo lông,Dụng cụ grooming,330391
PRD1048,Giày đi mưa chó,Phụ kiện,222791
PRD1049,Áo mưa thú cưng,Phụ kiện,416570
PRD1050,Túi mèo catnip,Đồ chơi,241679
PRD1051,ANF Chó Trưởng Thành,Thức ăn chó,254646
PRD1052,Bàn grooming,Dụng cụ grooming,236848
PRD1053,Me-O Premium,Thức ăn mèo,670818
PRD1054,Khay vệ sinh mèo,Vệ sinh,259288
PRD1055,Lược chải lông,Dụng cụ grooming,206265
PRD1056,Catidea Premium,Thức ăn mèo,753918
PRD1057,Chuông leng keng,Đồ chơi,119815
PRD1058,Máy sấy lông,Dụng cụ grooming,398723
PRD1059,Bóng tennis chó,Đồ chơi,45963
PRD1060,Nutri Source Chó,Thức ăn chó,683195
PRD1061,Smartheart Chó Con,Thức ăn chó,641384
PRD1062,Taste of the Wild Chó,Thức ăn chó,777946
PRD1063,Tunnel chơi cho mèo,Đồ chơi,52275
PRD1064,Máy sấy lông,Dụng cụ grooming,293728
PRD1065,Thuốc nhỏ mắt,Chăm sóc sức khỏe,346035
PRD1066,Vitamin cho chó,Chăm sóc sức khỏe,388106
PRD1067,Royal Canin Mèo,Thức ăn mèo,593367
PRD1068,Royal Canin Adult Chó,Thức ăn chó,513912
PRD1069,Lồng vận chuyển,Phụ kiện,429523
PRD1070,Nutri Source Chó,Thức ăn chó,779110
PRD1071,Chuông leng keng,Đồ chơi,137914
PRD1072,Dầu gội tắm chó,Vệ sinh,149652
PRD1073,Bột sữa cho chó con,Chăm sóc sức khỏe,124914
PRD1074,Máy sấy lông,Dụng cụ grooming,321402
PRD1075,Xịt khử mùi,Vệ sinh,163207
PRD1076,Orijen Chó,Thức ăn chó,678740
PRD1077,Áo mưa thú cưng,Phụ kiện,370125
PRD1078,Cát vệ sinh mèo,Vệ sinh,253999
PRD1079,Ganador Adult,Thức ăn chó,412666
PRD1080,Giày đi mưa chó,Phụ kiện,286419
PRD1081,Royal Canin Adult Chó,Thức ăn chó,687234
PRD1082,Royal Canin Adult Chó,Thức ăn chó,208991
PRD1083,Túi mèo catnip,Đồ chơi,161483
PRD1084,Tunnel chơi cho mèo,Đồ chơi,200318
PRD1085,Kéo cắt móng,Dụng cụ grooming,290583
PRD1086,Dây dắt chó cỡ lớn,Phụ kiện,451889
PRD1087,Bột sữa cho chó con,Chăm sóc sức khỏe,160908
PRD1088,ANF Chó Trưởng Thành,Thức ăn chó,718513
PRD1089,Túi mèo catnip,Đồ chơi,32404
PRD1090,Nệm ngủ cho thú cưng,Phụ kiện,491030
PRD1091,Sữa tắm dưỡng lông,Vệ sinh,355686
PRD1092,Me-O Premium,Thức ăn mèo,742916
PRD1093,Catsrang Mèo,Thức ăn mèo,327412
PRD1094,Giày đi mưa chó,Phụ kiện,458912
PRD1095,Sữa cho mèo con,Chăm sóc sức khỏe,189707
PRD1096,Men tiêu hóa,Chăm sóc sức khỏe,316841
PRD1097,Minino Yum,Thức ăn mèo,178403
PRD1098,Tunnel chơi cho mèo,Đồ chơi,215586
PRD1099,Royal Canin Mèo,Thức ăn mèo,335656
PRD1100,Chuột bông cho mèo,Đồ chơi,129469
PRD1101,Rọ mõm chó,Phụ kiện,153629
PRD1102,Hill's Science Diet Mèo,Thức ăn mèo,202875
PRD1103,Dầu cá omega 3,Chăm sóc sức khỏe,113843
PRD1104,Acana Chó,Thức ăn chó,716125
PRD1105,Lược chải lông,Dụng cụ grooming,231018
PRD1106,Nutri Source Chó,Thức ăn chó,689512
PRD1107,Sữa cho mèo con,Chăm sóc sức khỏe,203327
PRD1108,Máy cạo lông,Dụng cụ grooming,325719
PRD1109,Kéo cắt móng,Dụng cụ grooming,239144
PRD1110,Wellness Chó,Thức ăn chó,775793
PRD1111,Canxi bổ sung,Chăm sóc sức khỏe,320159
PRD1112,Máy cạo lông,Dụng cụ grooming,312435
PRD1113,Bóng tennis chó,Đồ chơi,104893
PRD1114,Minino Yum,Thức ăn mèo,596719
PRD1115,ANF Chó Trưởng Thành,Thức ăn chó,417012
PRD1116,Thuốc nhỏ mắt,Chăm sóc sức khỏe,278152
PRD1117,Thuốc vệ sinh tai,Chăm sóc sức khỏe,145603
PRD1118,Pedigree Hạt Khô,Thức ăn chó,158150
PRD1119,Kéo tỉa lông chuyên dụng,Dụng cụ grooming,260071
PRD1120,Catsrang Mèo,Thức ăn mèo,277755
PRD1121,Bát ăn inox,Phụ kiện,439743
PRD1122,Xương gặm sạch răng,Đồ chơi,136266
PRD1123,Catidea Premium,Thức ăn mèo,519340
PRD1124,Sữa tắm dưỡng lông,Vệ sinh,294896
PRD1125,Dây thừng kéo,Đồ chơi,97169
PRD1126,Catsrang Mèo,Thức ăn mèo,644536
PRD1127,Taste of the Wild Chó,Thức ăn chó,322790
PRD1128,Sữa tắm dưỡng lông,Vệ sinh,227929
PRD1129,Bột sữa cho chó con,Chăm sóc sức khỏe,342543
PRD1130,Khay vệ sinh mèo,Vệ sinh,393200
PRD1131,Blue Buffalo Mèo,Thức ăn mèo,444808
PRD1132,Khăn choàng chó,Phụ kiện,341883
PRD1133,Vòng cổ chó da,Phụ kiện,477865
PRD1134,Catsrang Mèo,Thức ăn mèo,257888
PRD1135,Thuốc vệ sinh tai,Chăm sóc sức khỏe,185486
PRD1136,Máy sấy lông,Dụng cụ grooming,384783
PRD1137,Rọ mõm chó,Phụ kiện,379829
PRD1138,Dây dắt chó cỡ lớn,Phụ kiện,131740
PRD1139,Chuồng mèo inox,Phụ kiện,476796
PRD1140,Nutri Source Chó,Thức ăn chó,369333
PRD1141,Bát nước tự động,Phụ kiện,279273
PRD1142,Bàn chải đánh răng,Dụng cụ grooming,233000
PRD1143,Lược chải lông,Dụng cụ grooming,320955
PRD1144,Laser pointer mèo,Đồ chơi,254691
PRD1145,Classic Pets Chó,Thức ăn chó,536502
PRD1146,Thuốc nhỏ mắt,Chăm sóc sức khỏe,253363
PRD1147,Nệm ngủ cho thú cưng,Phụ kiện,270314
PRD1148,Blue Buffalo Mèo,Thức ăn mèo,606151
PRD1149,Acana Chó,Thức ăn chó,338087
PRD1150,Bát nước tự động,Phụ kiện,51483
PRD1151,Cat's Eye,Thức ăn mèo,223375
PRD1152,Xương gặm sạch răng,Đồ chơi,73439
PRD1153,Dầu gội mèo,Vệ sinh,308502
PRD1154,Khay vệ sinh mèo,Vệ sinh,88941
PRD1155,Ba lô mèo cổ tròn,Phụ kiện,369246
PRD1156,Bịch rác thú cưng,Vệ sinh,90035
PRD1157,Máy sấy lông,Dụng cụ grooming,322941
PRD1158,Dầu gội mèo,Vệ sinh,105014
PRD1159,Sữa tắm dưỡng lông,Vệ sinh,232082
PRD1160,Sữa tắm dưỡng lông,Vệ sinh,263846
PRD1161,Khăn choàng chó,Phụ kiện,330045
PRD1162,Cây leo mèo 3 tầng,Đồ chơi,268824
PRD1163,Vòng cổ chó da,Phụ kiện,473562
PRD1164,Dầu cá omega 3,Chăm sóc sức khỏe,214627
PRD1165,Purina One,Thức ăn mèo,518444
PRD1166,Bột sữa cho chó con,Chăm sóc sức khỏe,286454
PRD1167,Pedigree Hạt Khô,Thức ăn chó,450564
PRD1168,Thuốc nhỏ mắt,Chăm sóc sức khỏe,140023
PRD1169,Thuốc vệ sinh tai,Chăm sóc sức khỏe,375629
PRD1170,Áo mưa thú cưng,Phụ kiện,175916
PRD1171,Dog Mania Premium,Thức ăn chó,747185
PRD1172,Wellness Chó,Thức ăn chó,311600
PRD1173,Xịt khử mùi,Vệ sinh,190193
PRD1174,Lồng vận chuyển,Phụ kiện,268193
PRD1175,Laser pointer mèo,Đồ chơi,55495
PRD1176,Catsrang Mèo,Thức ăn mèo,498501
PRD1177,Bàn grooming,Dụng cụ grooming,138150
PRD1178,Sữa cho mèo con,Chăm sóc sức khỏe,107892
PRD1179,Whiskas Hạt,Thức ăn mèo,730803
PRD1180,Me-O Premium,Thức ăn mèo,290944
PRD1181,Bàn grooming,Dụng cụ grooming,116576
PRD1182,Wellness Chó,Thức ăn chó,707366
PRD1183,Dầu gội mèo,Vệ sinh,328298
PRD1184,Royal Canin Adult Chó,Thức ăn chó,637230
PRD1185,Máy cạo lông,Dụng cụ grooming,169730
PRD1186,Bát ăn inox,Phụ kiện,370957
PRD1187,Lồng vận chuyển,Phụ kiện,373965
PRD1188,Thuốc vệ sinh tai,Chăm sóc sức khỏe,279018
PRD1189,Acana Chó,Thức ăn chó,799030
PRD1190,Bàn chải đánh răng,Dụng cụ grooming,156531
PRD1191,Cát vệ sinh mèo,Vệ sinh,133236
PRD1192,Máy cạo lông,Dụng cụ grooming,177373
PRD1193,Nước hoa xịt thú cưng,Vệ sinh,183273
PRD1194,ANF Chó Trưởng Thành,Thức ăn chó,175328
PRD1195,Nệm ngủ cho thú cưng,Phụ kiện,98011
PRD1196,Khăn choàng chó,Phụ kiện,224983
PRD1197,Dầu gội mèo,Vệ sinh,244361
PRD1198,Bàn grooming,Dụng cụ grooming,242378
PRD1199,Catsrang Mèo,Thức ăn mèo,278851
PRD1200,Chuồng mèo inox,Phụ kiện,405296
PRD1201,Kéo tỉa lông chuyên dụng,Dụng cụ grooming,267566
PRD1202,Máy cạo lông,Dụng cụ grooming,206888
PRD1203,Whiskas Hạt,Thức ăn mèo,605283
PRD1204,ANF Chó Trưởng Thành,Thức ăn chó,630511
PRD1205,Chuông leng keng,Đồ chơi,74197
PRD1206,Dầu gội tắm chó,Vệ sinh,266934
PRD1207,Bóng cao su chó,Đồ chơi,120632
PRD1208,Dây thừng kéo,Đồ chơi,162564
PRD1209,Dầu gội tắm chó,Vệ sinh,344078
PRD1210,Bàn chải đánh răng,Dụng cụ grooming,209411
PRD1211,Nước hoa xịt thú cưng,Vệ sinh,131058
PRD1212,Cát vệ sinh mèo,Vệ sinh,349105
PRD1213,Royal Canin Adult Chó,Thức ăn chó,245469
PRD1214,Nước hoa xịt thú cưng,Vệ sinh,398800
PRD1215,Ba lô mèo cổ tròn,Phụ kiện,377197
PRD1216,Frisbee chó,Đồ chơi,278997
PRD1217,Chuồng mèo inox,Phụ kiện,322758
PRD1218,Cây leo mèo 3 tầng,Đồ chơi,265171
PRD1219,Dây thừng kéo,Đồ chơi,181535
PRD1220,Dog Mania Premium,Thức ăn chó,331004
PRD1221,Kéo cắt móng,Dụng cụ grooming,253749
PRD1222,Royal Canin Adult Chó,Thức ăn chó,548355
PRD1223,Canxi bổ sung,Chăm sóc sức khỏe,167661
PRD1224,Dog Mania Premium,Thức ăn chó,221949
PRD1225,Xương gặm sạch răng,Đồ chơi,274254
PRD1226,Khăn choàng chó,Phụ kiện,410692
PRD1227,Sữa cho mèo con,Chăm sóc sức khỏe,376584
PRD1228,Nước hoa xịt thú cưng,Vệ sinh,199940
PRD1229,Cat's Eye,Thức ăn mèo,367153
PRD1230,Chuông leng keng,Đồ chơi,177113
PRD1231,Dầu cá omega 3,Chăm sóc sức khỏe,173287
PRD1232,Chuông leng keng,Đồ chơi,231696
PRD1233,Pedigree Hạt Khô,Thức ăn chó,644943
PRD1234,Máy cạo lông,Dụng cụ grooming,185419
PRD1235,Áo mưa thú cưng,Phụ kiện,237158
PRD1236,Frisbee chó,Đồ chơi,204204
PRD1237,Bàn chải đánh răng,Dụng cụ grooming,215686
PRD1238,Bàn chải đánh răng,Dụng cụ grooming,378425
PRD1239,Bàn chải đánh răng,Dụng cụ grooming,132153
PRD1240,Wellness Chó,Thức ăn chó,441014
PRD1241,Nước hoa xịt thú cưng,Vệ sinh,148626
PRD1242,Dây thừng kéo,Đồ chơi,128414
PRD1243,Chuột bông cho mèo,Đồ chơi,35523
PRD1244,Laser pointer mèo,Đồ chơi,275926
PRD1245,Rọ mõm chó,Phụ kiện,460610
PRD1246,Kéo cắt móng,Dụng cụ grooming,202184
PRD1247,Orijen Chó,Thức ăn chó,494169
PRD1248,Catidea Premium,Thức ăn mèo,692728
PRD1249,Royal Canin Mèo,Thức ăn mèo,412382
PRD1250,Tunnel chơi cho mèo,Đồ chơi,188914
PRD1251,Vòng cổ chó da,Phụ kiện,295365
PRD1252,Chuột bông cho mèo,Đồ chơi,30056
PRD1253,ANF Chó Trưởng Thành,Thức ăn chó,172729
PRD1254,Lược chải lông,Dụng cụ grooming,370201
PRD1255,Smartheart Chó Con,Thức ăn chó,227345
PRD1256,Dầu gội mèo,Vệ sinh,276874
PRD1257,Whiskas Hạt,Thức ăn mèo,432029
PRD1258,Túi mèo catnip,Đồ chơi,77086
PRD1259,Lồng vận chuyển,Phụ kiện,74214
PRD1260,Bàn chải đánh răng,Dụng cụ grooming,130278
PRD1261,Sữa cho mèo con,Chăm sóc sức khỏe,386418
PRD1262,Lồng vận chuyển,Phụ kiện,362080
PRD1263,Khăn choàng chó,Phụ kiện,301928
PRD1264,Bóng cao su chó,Đồ chơi,243371
PRD1265,Vòng cổ chó da,Phụ kiện,463772
PRD1266,Chuông leng keng,Đồ chơi,72772
PRD1267,Minino Yum,Thức ăn mèo,591223
PRD1268,Me-O Premium,Thức ăn mèo,244853
PRD1269,Classic Pets Chó,Thức ăn chó,736117
PRD1270,Blue Buffalo Mèo,Thức ăn mèo,275878
PRD1271,Lược chải lông,Dụng cụ grooming,131754
PRD1272,Thuốc vệ sinh tai,Chăm sóc sức khỏe,370134
PRD1273,Máy sấy lông,Dụng cụ grooming,332410
PRD1274,Blue Buffalo Mèo,Thức ăn mèo,664137
PRD1275,Bàn chải đánh răng,Dụng cụ grooming,372457
PRD1276,Lược chải lông,Dụng cụ grooming,179011
PRD1277,Felidae Mèo,Thức ăn mèo,334976
PRD1278,Bịch rác thú cưng,Vệ sinh,105235
PRD1279,Vitamin cho chó,Chăm sóc sức khỏe,224557
PRD1280,Bát nước tự động,Phụ kiện,100759
PRD1281,Orijen Chó,Thức ăn chó,459287
PRD1282,Catsrang Mèo,Thức ăn mèo,160492
PRD1283,Dây thừng kéo,Đồ chơi,181181
PRD1284,Cat's Eye,Thức ăn mèo,223301
PRD1285,Canxi bổ sung,Chăm sóc sức khỏe,205135
PRD1286,Rọ mõm chó,Phụ kiện,189906
PRD1287,Khăn choàng chó,Phụ kiện,270955
PRD1288,Orijen Chó,Thức ăn chó,375240
PRD1289,Kem dưỡng da,Chăm sóc sức khỏe,195339
PRD1290,Dầu cá omega 3,Chăm sóc sức khỏe,373049
PRD1291,Royal Canin Mèo,Thức ăn mèo,401106
PRD1292,Acana Chó,Thức ăn chó,697590
PRD1293,Men tiêu hóa,Chăm sóc sức khỏe,197953
PRD1294,Wellness Chó,Thức ăn chó,553979
PRD1295,Sữa tắm dưỡng lông,Vệ sinh,399458
PRD1296,Khăn ướt thú cưng,Vệ sinh,175005
PRD1297,Dog Mania Premium,Thức ăn chó,773721
PRD1298,Nệm ngủ cho thú cưng,Phụ kiện,255123
PRD1299,Taste of the Wild Chó,Thức ăn chó,170309
PRD1300,Máy sấy lông,Dụng cụ grooming,212760
PRD1301,Giày đi mưa chó,Phụ kiện,115435
PRD1302,Whiskas Hạt,Thức ăn mèo,570544
PRD1303,Bàn chải đánh răng,Dụng cụ grooming,89625
PRD1304,Túi mèo catnip,Đồ chơi,179739
PRD1305,Nước hoa xịt thú cưng,Vệ sinh,281300
PRD1306,Bàn grooming,Dụng cụ grooming,139188
PRD1307,Vòng cổ chó da,Phụ kiện,159791
PRD1308,Máy cạo lông,Dụng cụ grooming,80313
PRD1309,Nệm ngủ cho thú cưng,Phụ kiện,154989
PRD1310,Máy sấy lông,Dụng cụ grooming,113867
PRD1311,Xương gặm sạch răng,Đồ chơi,275876
PRD1312,Sữa tắm dưỡng lông,Vệ sinh,139477
PRD1313,Găng tay chải lông,Dụng cụ grooming,198822
PRD1314,Dây thừng kéo,Đồ chơi,246857
PRD1315,Lược chải lông,Dụng cụ grooming,325990
PRD1316,Thuốc nhỏ mắt,Chăm sóc sức khỏe,88797
PRD1317,Thuốc vệ sinh tai,Chăm sóc sức khỏe,189319
PRD1318,Bột sữa cho chó con,Chăm sóc sức khỏe,355699
PRD1319,Giày đi mưa chó,Phụ kiện,312569
PRD1320,Vòng cổ chó da,Phụ kiện,178798
PRD1321,Royal Canin Mèo,Thức ăn mèo,572415
PRD1322,Chuông leng keng,Đồ chơi,42733
PRD1323,Kem dưỡng da,Chăm sóc sức khỏe,264780
PRD1324,Bột sữa cho chó con,Chăm sóc sức khỏe,136250
PRD1325,Minino Yum,Thức ăn mèo,706043
PRD1326,Acana Chó,Thức ăn chó,657334
PRD1327,Chuông leng keng,Đồ chơi,85792
PRD1328,Sữa tắm dưỡng lông,Vệ sinh,139389
PRD1329,Blue Buffalo Mèo,Thức ăn mèo,388421
PRD1330,Máy sấy lông,Dụng cụ grooming,347433
PRD1331,Canxi bổ sung,Chăm sóc sức khỏe,223138
PRD1332,ANF Chó Trưởng Thành,Thức ăn chó,352441
PRD1333,Laser pointer mèo,Đồ chơi,175359
PRD1334,Dầu gội tắm chó,Vệ sinh,166791
PRD1335,Chuông leng keng,Đồ chơi,47606
PRD1336,Ganador Adult,Thức ăn chó,305745
PRD1337,Bột sữa cho chó con,Chăm sóc sức khỏe,326329
PRD1338,Túi mèo catnip,Đồ chơi,77316
PRD1339,Xương gặm sạch răng,Đồ chơi,228924
PRD1340,Vitamin cho chó,Chăm sóc sức khỏe,193385
PRD1341,Dog Mania Premium,Thức ăn chó,681887
PRD1342,Bàn grooming,Dụng cụ grooming,244058
PRD1343,Bột sữa cho chó con,Chăm sóc sức khỏe,193454
PRD1344,Sữa cho mèo con,Chăm sóc sức khỏe,216931
PRD1345,Nước hoa xịt thú cưng,Vệ sinh,236108
PRD1346,Cây leo mèo 3 tầng,Đồ chơi,171162
PRD1347,Máy cạo lông,Dụng cụ grooming,179257
PRD1348,Catsrang Mèo,Thức ăn mèo,255893
PRD1349,Purina One,Thức ăn mèo,167867
PRD1350,Khay vệ sinh mèo,Vệ sinh,378223
PRD1351,Găng tay chải lông,Dụng cụ grooming,379552
PRD1352,Kem dưỡng da,Chăm sóc sức khỏe,390832
PRD1353,Classic Pets Chó,Thức ăn chó,693466
PRD1354,Chuông leng keng,Đồ chơi,66648
PRD1355,Royal Canin Adult Chó,Thức ăn chó,549185
PRD1356,Wellness Chó,Thức ăn chó,460144
PRD1357,Cat's Eye,Thức ăn mèo,275505
PRD1358,Xương gặm sạch răng,Đồ chơi,205803
PRD1359,Khăn ướt thú cưng,Vệ sinh,307543
PRD1360,Smartheart Chó Con,Thức ăn chó,215198
PRD1361,Máy cạo lông,Dụng cụ grooming,144621
PRD1362,Hill's Science Diet Mèo,Thức ăn mèo,158326
PRD1363,Canxi bổ sung,Chăm sóc sức khỏe,212497
PRD1364,Chuồng mèo inox,Phụ kiện,112947
PRD1365,Pedigree Hạt Khô,Thức ăn chó,670319
PRD1366,Orijen Chó,Thức ăn chó,792770
PRD1367,Thuốc vệ sinh tai,Chăm sóc sức khỏe,264752
PRD1368,Chuồng mèo inox,Phụ kiện,293977
PRD1369,Thuốc nhỏ mắt,Chăm sóc sức khỏe,302534
PRD1370,Xương gặm sạch răng,Đồ chơi,107936
PRD1371,Wellness Chó,Thức ăn chó,795280
PRD1372,Khay vệ sinh mèo,Vệ sinh,268535
PRD1373,Thuốc nhỏ mắt,Chăm sóc sức khỏe,230710
PRD1374,Vòng cổ chó da,Phụ kiện,194148
PRD1375,Men tiêu hóa,Chăm sóc sức khỏe,139066
PRD1376,Royal Canin Adult Chó,Thức ăn chó,692026
PRD1377,Dây thừng kéo,Đồ chơi,76068
PRD1378,Bàn chải đánh răng,Dụng cụ grooming,123138
PRD1379,Ba lô mèo cổ tròn,Phụ kiện,103309
PRD1380,Dây dắt chó cỡ lớn,Phụ kiện,345760
PRD1381,Xịt khử mùi,Vệ sinh,348190
PRD1382,Cát vệ sinh mèo,Vệ sinh,84601
PRD1383,Khăn choàng chó,Phụ kiện,457455
PRD1384,Áo mưa thú cưng,Phụ kiện,281803
PRD1385,Khay vệ sinh mèo,Vệ sinh,357266
PRD1386,Acana Chó,Thức ăn chó,723578
PRD1387,Dầu gội tắm chó,Vệ sinh,280759
PRD1388,Nutri Source Chó,Thức ăn chó,592637
PRD1389,Canxi bổ sung,Chăm sóc sức khỏe,171807
PRD1390,Chuông leng keng,Đồ chơi,217508
PRD1391,Máy sấy lông,Dụng cụ grooming,207724
PRD1392,Vòng cổ chó da,Phụ kiện,240667
PRD1393,Classic Pets Chó,Thức ăn chó,569095
PRD1394,Lược chải lông,Dụng cụ grooming,215291
PRD1395,Kéo tỉa lông chuyên dụng,Dụng cụ grooming,277945
PRD1396,Xịt khử mùi,Vệ sinh,90075
PRD1397,Dog Mania Premium,Thức ăn chó,594520
PRD1398,Cát vệ sinh mèo,Vệ sinh,252943
PRD1399,Taste of the Wild Chó,Thức ăn chó,169592
PRD1400,Wellness Chó,Thức ăn chó,636843
PRD1401,Tunnel chơi cho mèo,Đồ chơi,216434
PRD1402,Nước hoa xịt thú cưng,Vệ sinh,125220
PRD1403,Smartheart Chó Con,Thức ăn chó,718685
PRD1404,Kéo cắt móng,Dụng cụ grooming,84397
PRD1405,Men tiêu hóa,Chăm sóc sức khỏe,230734
PRD1406,Chuồng mèo inox,Phụ kiện,453542
PRD1407,Rọ mõm chó,Phụ kiện,362637
PRD1408,Catsrang Mèo,Thức ăn mèo,605701
PRD1409,Smartheart Chó Con,Thức ăn chó,335048
PRD1410,Thuốc vệ sinh tai,Chăm sóc sức khỏe,93646
PRD1411,Men tiêu hóa,Chăm sóc sức khỏe,357509
PRD1412,Bàn grooming,Dụng cụ grooming,236288
PRD1413,Chuông leng keng,Đồ chơi,182166
PRD1414,Kéo tỉa lông chuyên dụng,Dụng cụ grooming,361792
PRD1415,Felidae Mèo,Thức ăn mèo,544360
PRD1416,Bát ăn inox,Phụ kiện,464275
PRD1417,Khăn choàng chó,Phụ kiện,263053
PRD1418,Giày đi mưa chó,Phụ kiện,343220
PRD1419,Vitamin cho chó,Chăm sóc sức khỏe,298080
PRD1420,Cây leo mèo 3 tầng,Đồ chơi,235430
PRD1421,Lược chải lông,Dụng cụ grooming,190587
PRD1422,Bát ăn inox,Phụ kiện,491664
PRD1423,Minino Yum,Thức ăn mèo,572172
PRD1424,Dầu gội mèo,Vệ sinh,298915
PRD1425,Khăn ướt thú cưng,Vệ sinh,234106
PRD1426,Lược chải lông,Dụng cụ grooming,84050
PRD1427,Me-O Premium,Thức ăn mèo,747097
PRD1428,Wellness Chó,Thức ăn chó,173485
PRD1429,Whiskas Hạt,Thức ăn mèo,706865
PRD1430,Hill's Science Diet Mèo,Thức ăn mèo,196092
PRD1431,Bát nước tự động,Phụ kiện,202199
PRD1432,Vitamin cho chó,Chăm sóc sức khỏe,212073
PRD1433,Kéo cắt móng,Dụng cụ grooming,199094
PRD1434,Kéo cắt móng,Dụng cụ grooming,93686
PRD1435,Dây dắt chó cỡ lớn,Phụ kiện,228515
PRD1436,Kéo tỉa lông chuyên dụng,Dụng cụ grooming,307557
PRD1437,Ganador Adult,Thức ăn chó,592061
PRD1438,Dầu cá omega 3,Chăm sóc sức khỏe,189669
PRD1439,Kéo tỉa lông chuyên dụng,Dụng cụ grooming,342891
PRD1440,Purina One,Thức ăn mèo,525613
PRD1441,Găng tay chải lông,Dụng cụ grooming,285234
PRD1442,Felidae Mèo,Thức ăn mèo,227660
PRD1443,Dầu cá omega 3,Chăm sóc sức khỏe,374627
PRD1444,Chuồng mèo inox,Phụ kiện,183694
PRD1445,Bát ăn inox,Phụ kiện,168882
PRD1446,Chuông leng keng,Đồ chơi,76994
PRD1447,Dầu cá omega 3,Chăm sóc sức khỏe,221527
PRD1448,Chuột bông cho mèo,Đồ chơi,97079
PRD1449,Bàn grooming,Dụng cụ grooming,195064
PRD1450,Wellness Chó,Thức ăn chó,182087
PRD1451,Pedigree Hạt Khô,Thức ăn chó,724574
PRD1452,Bóng tennis chó,Đồ chơi,62438
PRD1453,Cat's Eye,Thức ăn mèo,605958
PRD1454,Acana Chó,Thức ăn chó,443327
PRD1455,Bóng tennis chó,Đồ chơi,69843
PRD1456,Bàn chải đánh răng,Dụng cụ grooming,339857
PRD1457,Acana Chó,Thức ăn chó,332773
PRD1458,Frisbee chó,Đồ chơi,218698
PRD1459,Chuông leng keng,Đồ chơi,94839
PRD1460,Thuốc nhỏ mắt,Chăm sóc sức khỏe,330176
PRD1461,Catsrang Mèo,Thức ăn mèo,719114
PRD1462,Bóng lông vũ mèo,Đồ chơi,203260
PRD1463,Bát nước tự động,Phụ kiện,310454
PRD1464,Bàn chải đánh răng,Dụng cụ grooming,314191
PRD1465,Găng tay chải lông,Dụng cụ grooming,137471
PRD1466,Orijen Chó,Thức ăn chó,266151
PRD1467,Catsrang Mèo,Thức ăn mèo,523259
PRD1468,Xịt khử mùi,Vệ sinh,292676
PRD1469,Catsrang Mèo,Thức ăn mèo,173645
PRD1470,Cát vệ sinh mèo,Vệ sinh,392162
PRD1471,Lồng vận chuyển,Phụ kiện,432170
PRD1472,Bột sữa cho chó con,Chăm sóc sức khỏe,289011
PRD1473,Dog Mania Premium,Thức ăn chó,676644
PRD1474,Ganador Adult,Thức ăn chó,793398
PRD1475,Catsrang Mèo,Thức ăn mèo,790786
PRD1476,Nutri Source Chó,Thức ăn chó,422944
PRD1477,Canxi bổ sung,Chăm sóc sức khỏe,360923
PRD1478,Cat's Eye,Thức ăn mèo,675658
PRD1479,Bàn chải đánh răng,Dụng cụ grooming,184185
PRD1480,Bịch rác thú cưng,Vệ sinh,247498
PRD1481,Bàn chải đánh răng,Dụng cụ grooming,129529
PRD1482,Lồng vận chuyển,Phụ kiện,128028
PRD1483,Cat's Eye,Thức ăn mèo,655800
PRD1484,Máy sấy lông,Dụng cụ grooming,297991
PRD1485,Khăn choàng chó,Phụ kiện,270465
PRD1486,Khăn ướt thú cưng,Vệ sinh,203968
PRD1487,Cát vệ sinh mèo,Vệ sinh,101962
PRD1488,Khăn ướt thú cưng,Vệ sinh,345847
PRD1489,Nước hoa xịt thú cưng,Vệ sinh,375362
PRD1490,Khăn ướt thú cưng,Vệ sinh,395102
PRD1491,Dầu cá omega 3,Chăm sóc sức khỏe,304308
PRD1492,Vitamin cho chó,Chăm sóc sức khỏe,385287
PRD1493,Wellness Chó,Thức ăn chó,386269
PRD1494,Sữa cho mèo con,Chăm sóc sức khỏe,245040
PRD1495,Wellness Chó,Thức ăn chó,607398
PRD1496,Classic Pets Chó,Thức ăn chó,339605
PRD1497,Bịch rác thú cưng,Vệ sinh,298362
PRD1498,Purina One,Thức ăn mèo,352914
PRD1499,Nước hoa xịt thú cưng,Vệ sinh,148321
PRD1500,Catsrang Mèo,Thức ăn mèo,332354
